SL No.,CODE,Owner,CC,Clinic Type,S Type,Combo Store,Interior Format,Located,Region,Distrt,Metro /Non-Metro,State,RBM,AM,Contact No,Email ID,City,Location,Opening Date,Store Convt,EMAIL ID2,Ph No.,Store Manager,Address,Pincode,Franchisee Name,Mobile no,Store Name / Firm Name,Franchisee E Mail ID,Carpet Area,Retail Area,Rent,Signage,SUR Code,Pincode2
1,TKOR,Co,6900,BL,Hstreet,Regular,Blue,G Floor,South 2,Bangalore,Metro  ,Karnataka,Mayank,Niharika,9743066142,kalyani@titan.co.in,Bangalore,Koramanagala,4/29/2007,,tkor@titan.co.in,25501846 / 51 ,Harish Kumar ,"Titan Eye+, No - 1, 100.FT Road, 17th Main 4th Block, OPP- Canara Bank,Koramangala,Bangalore- 560 095",560 095,Company store ,Company store ,Titan Eye Plus,Company Store,1750,,4.7,New,Sount 2,560095
2,TBJA,Co,6903,BL,N,WOT,Blue,G Floor,South 2,Bangalore,Metro  ,Karnataka,Mayank,Karthik,9632569888,karthikmg@titan.co.in,Bangalore,Jayanagar (4th Block),4/29/2007,,tbja@titan.co.in,080-41219375,Usha,"Titan Eye+,No.39, Gopala krishna Arcad, 11th Main road, 4th Block, Jayanagar- East, Bangalore- 560 011,","60 011,",Company store ,Company store ,Titan Eye Plus,Company Store,1303,,2.5,New,Sount 2,560011
570,ISPS,Fr,5023,N,N,Regular,,,South 2,Bangalore,Metro,Karnataka,Mayank,Karthik,9632569888,karthikmg@titan.co.in,Bangalore,Park Square Mall,11/23/2019,,isps@titan.co.in,,,"Titan Eye Plus, Gf, Ascendas Park Square Mall,40, ITPB Main Road,Whitefield, Bangalore-560066",-560066, Pooja Sukhija,9901873173,Ahaan Ventures,poojakapadia86@gmail.com,900,700,,New,Sount 2,560066
4,TIND,Co,6902,BL,Hstreet,WOT,Blue,G Floor,South 2,Bangalore,Metro  ,Karnataka,Mayank,Shravan,9742560025,shravan@titan.co.in,Bangalore,Indiranagar,6/16/2007,,tind@titan.co.in,080-25212737 / 25213727 ,Prasad M,"Titan Eye+, No.777E PID No.72-1-777/E, HAL 2nd Stage, 100 Ft. Road, Indiranagar, Bangalore - 560038", 560038,Company store ,Company store ,Titan Eye Plus,Company Store,2525,,1.8,Old,Sount 2,560038
555,ISKU,Fr,5014,N,N,Regular,,,South 2,Bangalore,Metro,Karnataka,Mayank,Karthik,9743066142,kalyani@titan.co.in,Bangalore,"ACES Layout, Kundanhalli",9/5/2019,,isku@titan.co.in," 8095588808,",pavithra md,"Titan Eye plus 578,G/F,60ft Road, C Block,AECS layout, Kundanahalli, Bangalore, Karnataka-560037",-560037,S Madhusudhana Rao and Pavithra M D,9849188808,Maa Eminence Enterprises,msrao888@gmail.com,874,586,,New,Sount 2,560037
541,TBKO,Co,7912,N,N,Regular,,,South 2,Bangalore,Metro,Karnataka,Mayank,Niharika,9743066142,kalyani@titan.co.in,Bangalore,Koramangala 3,5/31/2019,,tbko@titan.co.in,9739087470,Prashant,"# 3, GF,AVS compound,80Ft Perepheral road, 4th Block, Koramangala,Bangalore-560034",-560034,Company store ,Company store ,Titan Eye Plus,Company Store,1249,638,,New,Sount 2,560034
535,TBEO,Co,8990,N,N,WOT,Blue,,South 2,Bangalore,Metro,Karnataka,Mayank,Shravan,9743066142,kalyani@titan.co.in,Bangalore,Neeladri Road,5/17/2019,,tbeo@titan.co.in,9986001339,kamal ,"Sy. No.156, Doddathoguru Village, Neeladri Road, Begur Hobli, Bengaluru South Taluk, Bengaluru - 560100", 560100,Company store ,Company store ,Titan Eye Plus,Company Store,734,,,New,Sount 2,560100
523,TBCI,MA,7911,N,N,Regular,Blue,,South 2,Bangalore,Metro,Karnataka,Mayank,Karthik,9632569888,karthikmg@titan.co.in,Bangalore,CBI Road,3/30/2019,,tbci@titan.co.in,8123902142,Chaithra DS,"196 A, 3rd main, CBI Road Ganganagar Bangalore-560032",-560032,S.H.Ganesh, 96119 99466,Srish Enterprises,srish2003@gmail.com,423,297,,New,Sount 2,560032
9,TBVN,Fr,6907,DL,Hstreet,Regular,Blue,G Floor,South 2,Bangalore,Metro  ,Karnataka,Mayank,Shravan,9742560025,shravan@titan.co.in,Bangalore,Vijayanagar,3/27/2008,,tbvn@titan.co.in,080 - 41722181,Ram,"Titan Eye+,#826/70, 4th Main RD,Vijaya nagar,nxt to Sagar Fast Food, Bangalore- 560 040, PH:080-41722181/ 41140448, ","40448, ",Kamlesh Kumar,9886822177,Trendz Eye Care,eyeplus@rediffmail.com,1020,,0.3,New,Sount 2,560040
522,TBJI,MA,7907,N,N,Regular,Blue,,South 2,Bangalore,Metro,Karnataka,Mayank,Shravan,9742560025,shravan@titan.co.in,Bangalore,Jalahalli,3/30/2019,,tbji@titan.co.in,7676977736, Meghana,"# 13, Officers Model colony, SM Road,Opp Relicance fresh,T Dasarahalli,Bangalore-560057",-560057,A K Shabeer,8123455200, ,Shabeer_kollam@yahoo.co.in,530,390,,New,Sount 2,560057
520,TBBM,Fr,7905,N,N,Regular,Blue,,South 2,Bangalore ,Metro,Karnataka,Mayank,Niharika,9743066142,kalyani@titan.co.in,Bangalore,BTM Layout,3/27/2019,,tbbm@titan.co.in,080-41723827,,"# 737 C, Viralam Mansion,GF,Rashtrakavi Kuvempu nagar,BTM layout,Bangalore-560076",-560076,Padmalata prasad,9632220106,Anantha Enterpeise,tepbtm@gmail.com,405,252,,New,Sount 2,560076
12,TBMA,MA,6906,BL,N,WOT,Blue,G Floor,South 2,Bangalore,Metro  ,Karnataka,Mayank,Karthik,9632569888,karthikmg@titan.co.in,Bangalore,Malleswaram,6/8/2008,,tbma@titan.co.in,080-41281575 ,Giridhar D,"Titan Eye+, #116, ""Krishna Arcade"" B/W 12th cross & 11th Cross, 3rd Main, Margosa Road, Near Nalli Silks, Malleshwaram, Bangalore - 560003", 560003,Abhishek,,Eye Square,cnabhishek@gmail.com,1603,1282,1.8,New,Sount 2,560003
518,TBNV,Fr,8993,N,N,Regular,Blue,,South 2,Bangalore,Metro,Karnataka,Mayank,Annapoorna,8861352300,annapoorna@titan.co.in,Bangalore,Nagarbhavi,3/5/2019,,tbnv@titan.co.in,8023215550,Naveen.m,"Titan Eye Plus, No.751, Nagarabhavi Village, Yeshwanthapura Hobli, Bangalore - 560072", 560072,Harish R,9845163055,Maa Retail Pvt Ltd,harish@maa.co.in,460,615,,New,Sount 2,560072
516,TBPD,Fr,7917,N,N,Regular,Blue,,South 2,bangalore,Metro,Karnataka,Mayank,Shravan,9742560025,shravan@titan.co.in,Bangalore,Padmanabanagar,2/28/2019,,tbpd@titan.co.in,8250019442,Nabin Chandra Shil,"Titan Eye Plus, No.40 (Old 63) , Subramanyapura Main Road, 80th Feet Road, Opp. Indian Oil Petrol Pump , padmanabanagar. Bangalore-560061",-560061,Suresh Bhandari,9591082665 / 9845031513,Vogue Clothing,sureshbhandari@vvpl.net,600,480,,New,Sount 2,560061
515,TBSY,Fr,7908,N,N,Regular,Blue,,South 2,bangalore,Metro,Karnataka,Mayank,Shravan,9742560025,shravan@titan.co.in,Bangalore,Sanjaynagar,2/28/2019,,tbsy@titan.co.in, 9036383658 / 080 40976484, Bhumika,"Titan Eye Plus, No. 255, A.E.C.S. Layout, Sanjaynagar Main Road, Near Indian Oil Petrol Pump, Ashwathnagar, Geddalahalli, Bangalore - 560 094",560 094,Suresh Bhandari,9591082665 / 9845031513,Vogue Clothing,sureshbhandari@vvpl.net,476,381,,New,Sount 2,560094
514,TBJG,MA,7906,N,N,Regular,Blue,,South 2,bangalore,Metro,Karnataka,Mayank,Karthik,9632569888,karthikmg@titan.co.in,Bangalore,Jayanagar 3rd block,2/28/2019,,tbjg@titan.co.in,8078524099,Shilpa,"Titan Eye Plus, No.202/E,Kaveri Nilaya, 27th cross,7th Main Road,3rd Block,Jayanagar,Bangalore- 560011 ",560011 ,Darshan G Narvekar,8208931435,Darshan Ventures,darshan.gurudas@gmail.com,725,580,,New,Sount 2,560032
504,TBYK,Co,8983,N,N,Regular,Blue,,South 2,bangalore,Metro,Karnataka,Mayank,Shravan,9742560025,shravan@titan.co.in,Bangalore,RMZ Yelahanka,1/9/2019,,tbyk@titan.co.in,080-68137490,Haseem,"Titan Eye Pus,1st floor, RMZ Galleria Mall, Yelahanka, Bangalore - 560064", 560064,Company store ,Company store ,Titan Eye Plus,Company Store,396,279,,New,Sount 2,560064
495,TBKK,Fr,8986,N,N,Regular,Blue,,South 2,Bangalore,Metro,Karnataka,Mayank,Niharika,9743066142,kalyani@titan.co.in,Bangalore,Vajarahalli,11/30/2018,,tbkk@titan.co.in,7975252324,Manoj,"Titan Eye Plus,Survery No.86/1,GF,Vajarahalli, Kanankapura Road, Bangalore - 560062", 560062,Harsha / Shweta,9731002329,Avirmukhi Enterprises,mallik1946@gmail.com,917,594,,New,Sount 2,560062
493,TBKI,Fr,8985,N,N,Regular,Blue,,South 2,Bangalore,Metro,Karnataka,Mayank,Annapoorna,8861352300,annapoorna@titan.co.in,Bangalore,Kengeri,11/28/2018,,tbki@titan.co.in,9051355556,Manoj Kumar K,"Titan Eye Plus,No.488/1121,Khatha No.297, Satellite Town, Kengeri, Bangalore - 560060", 560060,Mallikarjuna Swamy B T,8747998811,Threeyess Visuals,gm6378@gmail.com,610,430,,New,Sount 2,560060
464,TBRJ,Fr,8960,N,N,Regular,Blue,,South 2,Bangalore,Metro,Karnataka,Mayank,Karthik,9743066142,kalyani@titan.co.in,Bangalore,Rajajinagar,4/17/2018,,tbrj@titan.co.in,8884475666,Vijay Kumar,"Titan Eye Plus,No.21, old 151Y, 50th Cross road, 3rd block Rajajinagar, Bangalore - 560010", 560010,Valarmathi,9448380198,Smart Eye Care,smarteyecare3@gmail.com,602,475,,New,Sount 2,560010
462,TBRM,MA,8956,N,N,Regular,Blue,,South 2,Bangalore,Metro,Karnataka,Mayank,Karthik,9632569888,karthikmg@titan.co.in,Bangalore,Ramurthynagar,3/25/2018,,tbrm@titan.co.in,080-43009343,Sreenivas ,"Titan Eye Plus,No.46/1, Nxt to D-Mart,Channa sandra grama, KR puram hobli, Ramurthynagar, Bangalore - 560016", 560016,Ganesh S H,9611999466,Srish Enterprises,srish2003@gmail.com,945,770,,New,Sount 2,560016
461,TBVP,Fr,8959,N,N,Regular,Blue,,South 2,Bangalore,Metro,Karnataka,Mayank,Shravan,9743066142,kalyani@titan.co.in,Bangalore,vidyaranyapura,3/10/2018,,tbvp@titan.co.in,080-43020658,,"Titan Eye Plus,No.956,5th Block,BEL Layout Main road, Vidyaranyapura,Bangalore-560097",-560097,Hadi Abdul Majeed Abdul,9025124111,Hadi Enterprises,hadi.enterprises18@gmail.com,640,426,,New,Sount 2,560097
434,TBSJ,Fr,8896,N,N,Regular,Blue,,South 2,Bangalore,Metro,Karnataka,Mayank,Karthik,9632569888,karthikmg@titan.co.in,Bangalore,Sarjapur Road,10/30/2017,,tbsj@titan.co.in,080-43707415,Prem,"Titan Eye Plus,Unit No - F 10, Market Square Mall, Kaikondarhalli Village, Varthur, Varthur Hobli, Sarjapura Main road, Bangalore - 560037", 560037,S. Murugan,9972733552,Vishnu Retail,muru_ng@rediffmail.com,608,494,,New,Sount 2,560037
425,TBKM,Co,8893,M,Hstreet,Regular,Blue,,South 2,Bangalore,Metro,Karnataka,Mayank,Niharika,9743066142,kalyani@titan.co.in,Bangalore,Koramanagala 2,9/28/2017,,tbkm@titan.co.in,080-49510161,Farooq,"Titan Eye Plus,No.582, KCA Enclave, 80ft road, 8th Blk, Opp to Bethany School Kormangala, Bangalore - 560095", 560095,Company store ,Company store ,Titan Eye Plus,Company Store,1218,1024,,New,Sount 2,560095
418,TBHJ,Fr,8877,N,Hstreet,Regular,Blue,,South 2,Bangalore,Metro,Karnataka,Mayank,Karthik,9632569888,karthikmg@titan.co.in,Bangalore,HSR Lyt 2,8/24/2017,,tbhj@titan.co.in,080 - 48148056,,"Titan Eye Plus,No.445, 16th A cross,JKN Towers, 5th Main Road, Sector 6, HSR Layout, Bengaluru -560102",-560102,Ganesh S H,9611999466,Srish Enterprises,srish2003@gmail.com,965,717,0.8,New,Sount 2,560102
26,TBBK,Fr,8835,C,N,WOT,Blue,G Floor,South 2,Bangalore,Metro  ,Karnataka,Mayank,Niharika,9742560025,shravan@titan.co.in,Bangalore,Banashankari,9/30/2008,,tbbk@titan.co.in,080 -26690676 ,Deeptha,"Titan Eye+,No.288, 100ft outer Ring Road 4th Phase, 7th Block, 3rd stage Banashankari, Bangalore - 560085", 560085,Padmalata prasad,,Sri Maruthi Enterprises,ramaprasadar@gmail.com,1229,1951,1,New,Sount 2,560085
411,TBJV,Co,8878,N,N,Regular,Blue,,South 2,Bangalore,Metro,Karnataka,Mayank,Niharika,9632569888,karthikmg@titan.co.in,Bangalore,Jeevan Bimanagar,6/30/2017,,tbjv@titan.co.in,080-48144867,Rahul,"Titan Eye Plus,Shop M 26, Jeevanbima Nagar Main Road, HAL 3rd stage, Bangalore- 560075", 560075,Company store ,Company store ,Titan Eye Plus,Company Store,754,501,,New,Sount 2,560075
384,TBJP,Fr,8868,N,N,Regular,Blue,,South 2,Bangalore,Metro,Karnataka,Mayank,Niharika,9743066142,kalyani@titan.co.in,Bangalore,JP Nagar,2/28/2017,,tbjp@titan.co.in,080-26642441,Sadkshari,"Titan Eye+,9B, ""Srinidhi"", 24th Main Road, JP Nagar 5th Phase, Bangalore - 560 078",560 078,Raghavendra N P,9886850546,RR & Co,raghavnp@gmail.com,820,650,,New,Sount 2,560078
377,TBKD,Fr,8867,N,N,Regular,Blue,,South 2,Bangalore,Metro,Karnataka,Mayank,Niharika,9743066142,kalyani@titan.co.in,Bangalore,kaggadasapura,1/31/2017,,tbkd@titan.co.in,080-25344797,Lawrence Anthony,"Titan Eye +, No.53, GF, KH Road, Maruthi Nagar, Malleshpalya Extn,Kaggadaspura, Bangalore - 560075", 560075,Valarmathi,9448380198,Smart Eye Care,smarteyecare3@gmail.com,713,520,,New,Sount 2,560075
330,TBRW,Fr,8836,N,N,Regular,Blue,,South 2,Bangalore,Metro,Karnataka,Mayank,Shravan,9742560025,shravan@titan.co.in,Bangalore,R R Nagar,6/17/2016,,tbrw@titan.co.in,080-29701555,Ravi Kumar,"Titan Eye+,No.5,GF,12th Cross Road, Ideal Home Towship,Rajarajeshwari nagar, Bangalore - 560098", 560098,Rekha Madhusudan,9210999999 / 9243409818,Rekha ventures,mmandyam@gmail.com,544,413,,New,Sount 2,560098
294,TBSA,Fr,8809,N,N,Regular,Blue,,South 2,Bangalore,Metro  ,Karnataka,Mayank,Shravan,9742560025,shravan@titan.co.in,Bangalore,Sahakarnagar,11/11/2015,,tbsa@titan.co.in,080-23625333,Kazim,"Titan Eye+, Rithik Plaza, # 2386 & 2387, 60Feet road, E Block, Sahakarnagar, Bangalore - 560092", 560092,A K Shabeer,8123455200,Platinum Retail,Shabeer_kollam@yahoo.co.in,873,560,0.9,New,Sount 2,560092
246,TBMG,Co,6453,M,N,Helios / WOT/Fastrack,Orange,G Floor,South 2,Bangalore,Metro  ,Karnataka,Mayank,Shravan,9742560025,shravan@titan.co.in,Bangalore,M.G Road,2/26/2015,,tbmg@titan.co.in,080-43703815,Mr Satish,"Titan Eye+,77 & 78, M G Road, Next To Deccan Herald Office, Bangalore - 560001", 560001,Company store ,Company store ,Titan Eye Plus,Company Store,1200,1000,2.8,New,Sount 2,560001
227,TBSE,Co,6354,SIS,SIS,SIS,Orange,G Floor,South 2,Bangalore,Metro  ,Karnataka,Mayank,Karthik,9743066142,kalyani@titan.co.in,Bangalore,Star Extra,10/19/2014,,tbse@titan.co.in,080-42048241 ,Prasantha N V,"Titan Eye+,SRJ Construction,Opp.to Shankara Eye Hospital, Kundalahalli gate, Varthur Road, Whitefield, Bangalore - 560037", 560037,Company store ,Company store ,Titan Eye Plus,Company Store,404,310,,New,Sount 2,560037
219,TBGT,Fr,6364,N1,N,Regular,Orange,G Floor,South 2,Bangalore,Metro  ,Karnataka,Mayank,Niharika,9743066142,kalyani@titan.co.in,Bangalore,Bannerghatta,9/9/2014,,tbgt@titan.co.in,080-48666563 / 42180017,Rajendra Prasad ,"Titan Eye+, Meu Square, No.174/1, Bannerghatta Road, J.P Nagar 3rd Phase (Opp.KFC Buildling), Bilekahalli Village, BegurHobli, Bangalore - 560076 ",560076 ,Sanjeev Kejriwal,9831005708,Metal Arts Enterprise,sanjeevkejariwal@gmail.com,877,,0.78,New,Sount 2,560076
212,ISBP,MA,8687,N,Mall,Regular,Orange,1st Floor,South 2,Bangalore,Metro  ,Karnataka,Mayank,Karthik,9632569888,karthikmg@titan.co.in,Bangalore,Phoenix Mall,7/31/2014,,isbp@titan.co.in,080-49626574,Dinesh ,"Titan Eye+,No.F-66, 1st Floor, Nxt to croma, Phoenix Mall, Mahadevpura, ITPL Main Road, Bangalore - 560048", 560048,H.Chandra Sekhar Gowda,9972004455,Akshata Retail,hcsgowd@gmail.com,768,630,2.8,New,Sount 2,560048
171,TBMT,Fr,8855,N2,N,Regular,Blue,G Floor,South 2,Bangalore,Metro  ,Karnataka,Mayank,Karthik,9632569888,karthikmg@titan.co.in,Bangalore,Marathahalli,6/28/2013,,tbmt@titan.co.in,080-48509715,,"Titan Eye+, No.90 /2-3,G floor, nxt to WOT outer ring road, Opp.Innovative Multiplex, Marathalli, Bangalore - 560037", 560037,S. Murugan,9972733552,Vishnu Retail,muru_ng@rediffmail.com,873,,1.24,New,Sount 2,560037
167,TBHK,Co,6470,SIS,HC,SIS,Blue,G Floor,South 2,Bangalore,Metro  ,Karnataka,Mayank,Karthik,9743066142,kalyani@titan.co.in,Bangalore,Inorbit Mall Hypercity,4/11/2013,,tbhk@titan.co.in,080 - 28029928,Barkath,"Titan Eye+,Hypercity,LGF,Inorbit Mall,Nxt to sathya Sai Baba Hospital,Whitefield,Bangalore - 560066", 560066,Company store ,Company store ,Titan Eye Plus,Company Store,501,180,,New,Sount 2,560066
162,TBYH,Fr,6975,N2,N,Regular,Orange,G Floor,South 2,Bangalore,Metro  ,Karnataka,Mayank,Shravan,9742560025,shravan@titan.co.in,Bangalore,Yelahanka,1/18/2013,,tbyh@titan.co.in,080 - 48529919/48539919,Silvia Balaraj,"Titan Eye+, #2336 MIG, Ground Floor 16th Cross, 3rd Phase Yelahanka New town, Near Dr.Agarwal Eye Hospital, Bangalore - 560064", 560064,Naveen / Meena,9845757663,Lameena Enterpises PVt Ltd,cethtv@gmail.com,698,,0.55,New,Sount 2,560064
120,TBEI,Co,6965,N1,N,Regular,Orange,G Floor,South 2,Bangalore,Metro  ,Karnataka,Mayank,Shravan,9743066142,kalyani@titan.co.in,Bangalore,Electronic city,7/14/2011,Nov'17,tbei@titan.co.in,080-48140418,Naveen Kumar,"Titan Eye+,No.9, Konapanna Agrahara Village, Opp Infosys Cricket Ground Gate No-3, Begur Hobli, 1st phase Electronic City Bangalore-560100",-560100,Company store ,Company store ,Titan Eye Plus,Company Store,812,,0.56,New,Sount 2,560100
117,TBHS,Co,6969,SIS,HC,SIS,Blue,G Floor,South 2,Bangalore,Metro  ,Karnataka,Mayank,Karthik,9743066142,kalyani@titan.co.in,Bangalore,Hyper City Mall (Kundalahalli),6/9/2011,,tbhs@titan.co.in,080-42087634 ,Mr.Siddappa Kalyani,"Titan Eye+, Embassy Paragon, GF, Nr. Kundalahalli Gate, ITPL road,  Near Brooke Field,  Bangalore – 560 037 ",60 037 ,Company store ,Company store ,Titan Eye Plus,Company Store,293,200,,New,Sount 2,560037
112,TBSH,Co,6949,N1,N,Regular,Blue,G Floor,South 2,Bangalore,Metro  ,Karnataka,Mayank,Karthik,9632569888,karthikmg@titan.co.in,Bangalore,HSR Layout,5/28/2011,,tbsh@titan.co.in,080-22583062 / 63,Surpeeth,"Titan Eye+, No. 2795, Sector I, HSR Layout, 27th Main Road, Bangalore - 560034", 560034,Company store ,Company store ,Titan Eye Plus,Company Store,715,440,0.91,New,Sount 2,560034
102,TBJB,Fr,8863,N1,N,Regular,Blue,G Floor,South 2,Bangalore,Metro  ,Karnataka,Mayank,Niharika,9743066142,kalyani@titan.co.in,Bangalore,Jayanagar (9th Block),2/28/2011,Apr'17,tbjb@titan.co.in,080-41229988,Arun Kumar,"Titan Eye+,No. 1139, 26th A Main, 9th Block, Jayanagar, Bangalore-560069",-560069,Kamlesh /  Kumar Kethan,9886822177,Trendz Eye Care,eyeplus@rediffmail.com,702,620,0.86,New,Sount 2,560069
96,TBWT,MA,8892,N1,N,Regular,Blue,G Floor,South 2,Bangalore,Metro  ,Karnataka,Mayank,Karthik,9632569888,karthikmg@titan.co.in,Bangalore,Whitefield,1/22/2011,Aug'17,tbwt@titan.co.in,080-28456004 / 49571006 ,Karthigayan V,"Titan Eye+,# 75/2, Survey  No. 14, Whitefield  main Road, near Forum Value Mall, next To Foodworld, Whitefield, Bangalore 66. Ph:28456004",8456004,Darshan G Narvekar,8208931435,Darshan Ventures,darshan.gurudas@gmail.com,478,320,0.98,New,Sount 2,560066
92,TBRN,Fr,8851,N1,N,Regular,Blue,G Floor,South 2,Bangalore,Metro  ,Karnataka,Mayank,Karthik,9632569888,karthikmg@titan.co.in,Bangalore,R T Nagar,1/5/2011,Nov'16,tbrn@titan.co.in,080 -23333237 / 7349468468,Hemanth Kumar P,"Titan Eye+,No 2, RT Nagar Mainroad, Opp To Axis Bank.Bangalore - 560032", 560032,Ganesh S H,9611999466,Srish Enterprises,srish2003@gmail.com,616,,0.79,New,Sount 2,560032
72,ISBW,MA,8685,N2,N,Regular,Blue,G Floor,South 2,Bangalore,Metro  ,Karnataka,Mayank,Shravan,9742560025,shravan@titan.co.in,Bangalore,Wheelers Road,7/17/2010,Aug'17,isbw@titan.co.in,080- 41250143,Rakesh Kumar,"Titan Eye+, Plot no 3,Shop B (Next to Aircel),Wheelers road,Fraser town,Bangalore-560005",-560005,Ketan Kumar N Shah,,PARAS EYE CARE,eyeplus@rediffmail.com,929,420,0.91,New,Sount 2,560006
65,TBGM,Fr,6948,M3,N,Regular,Orange,G Floor,South 2,Bangalore,Metro  ,Karnataka,Mayank,Niharika,9743066142,kalyani@titan.co.in,Bangalore,Gandhibazzar,5/12/2010,,tbgm@titan.co.in,080-41203574 ,Thouseef,"Titan Eye+,No 82/1,Gandhi Bazaar Main Road,Ashrama Circle, Next To HSBC,Basavangudi,Bangalore.560004",.560004,Kamlesh /  Kumar Kethan,9886822177,Trendz Eye Care,eyeplus@rediffmail.com,1314,,1.32,New,Sount 2,560004
61,TBKH,Co,6944,N1,N,Regular,Orange,G Floor,South 2,Bangalore,Metro  ,Karnataka,Mayank,Niharika,9743066142,kalyani@titan.co.in,Bangalore,Kammanahalli,3/31/2010,,tbkh@titan.co.in,080-25447790,Murali Krishna  ,"Titan Eye+, Plot No 4C-329,3rd Block,HRBR Extension, Kammanahalli, Bangalore-560043",-560043,Company store ,Company store ,Titan Eye Plus,Company Store,959,800,,New,Sount 2,560043
58,TBBW,Fr,6940,N1,N,Regular,Orange,G Floor,South 2,Bangalore,Metro  ,Karnataka,Mayank,Shravan,9742560025,shravan@titan.co.in,Bangalore,Basaveshwar Nagar,2/25/2010,,tbbw@titan.co.in,080- 42151218,Ketan,"Titan Eye+,No 325 , 1st Cross ,8th Main 3rd Cross ,4th Block Basaveshwarnagar,Bangalore - 560079 ",560079 ,Kamlesh /  Kumar Kethan,9886822177,Trendz Eye Care,eyeplus@rediffmail.com,775,,1.14,New,Sount 2,560079
54,TBEL,Co,6934,5R,Hstreet,Regular,Blue,G Floor,South 2,Bangalore,Metro  ,Karnataka,Mayank,Shravan,9742560025,shravan@titan.co.in,Bangalore,BEL Road,5/15/2009,,tbel@titan.co.in,080-41225867,Mr. Sandesh H,"Titan Eye+, 199, Sneha Complex, New BEL Rd , Nr HP Petrol Pump ,Devasandra, Bangalore 54",lore 54,Company store ,Company store ,Titan Eye Plus,Company Store,800,600,1.3,New,Sount 2,560094
559,IWMS,MA,5026,N,N,Regular,,,West,Mumbai,Metro,Maharashtra,Koshy,Mangesh,9819767498,mangesh@titan.co.in,Mumbai,Mulund Station Rd,10/6/2019,,iwms@titan.co.in,02225605992/9714542998,Hetal Vaghela,"Titan Eye+,Shop No-5, Vikas Center , G/F, S L road, Market, Mulund West, Mumbai , Maharastra- 400080", 400080,Sangeet M Saha,9172140868 / 9820959234,Saavee Retail,saaveeretail@gmail.com,721,497,,New,West 2,400080
551,IWMV,Co,5011,N,N,Regular/LFS TEP,,,West,Thane,Metro,Maharastra,Koshy,Mangesh,9819767498,mangesh@titan.co.in,Mumbai,Vivina Mall -Thane Shopperstop,8/1/2019,,iwmv@titan.co.in,9324370592,sagar khavale,"Titan eyeplus shoppers Stop Viviana Mall, Thane, Maharastra-400601",-400601,CompanyStore,CompanyStore,CompanyStore,CompanyStore,,,,New,West 2,400601
550,IWMI,Co,5010,N,N,Regular/LFS TEP,,,West,Vashi,Metro,Maharastra,Koshy,Anubrato,9685436643,anubratom@titan.co.in,Mumbai,Vashi Shoppers stop,8/1/2019,,iwmi@titan.co.in,7021832504,Subramanian Shanmugam ,"Titan eyeplus, Shopper Stops,Inorbit Mall,Vashi,Navi,Mumbai,Maharastra-400703",-400703,CompanyStore,CompanyStore,CompanyStore,CompanyStore,,,,New,West 2,400703
549,IWMM,Co,8699,N,N,Regular/LFS TEP,,,West,Malad,Metro,Maharastra,Koshy,Nikita,9873804634,nikitagautam@titan.co.in,Mumbai,Malad Shoppers stop,8/1/2019,,iwmm@titan.co.in,,,"Titan eyeplus, Ground Floor,Shoppers Stop,Inorbit Mall,Link Road,Malad West,Mumbai, Maharastra-400064",-400064,CompanyStore,CompanyStore,CompanyStore,CompanyStore,,,,New,West 2,400064
531,TANP,Fr,8611,N,N,WOT,Blue,,West,Mumbai,Metro,Maharashtra,Koshy,Mukesh,9822914075,mukeshkumar@titan.co.in,Mumbai,"StationRoad,Navipet",5/6/2019,,tanp@titan.co.in,2412417000,JYOTSNA PUND,"SOHAM ENTERPRISES, 3720/A, Soham Krishna, Bhausaheb Firodia Path, Navipeth, Ahmednagar - 414001", 414001,Gaurav Firodia,9890048565,Soham Enterprises,gauravf@kalpattaruindia.co.in,1169,,,New,West 2,414001
519,TMLP,Co,8627,N,N,Regular,Blue,,West,Mumbai,Metro,Maharashtra,Koshy,Mangesh,9819767498,mangesh@titan.co.in,Mumbai,HSP- Lower Parel,3/18/2019,,tmlp@titan.co.in,8080005846 ,KAPIL ARTANI  ,"G-16,High Street, Phoenix Mall, SBP Marg,Lower Parel, Mumbai - 400013", 400013,Company store ,Company store ,Titan Eye Plus,Company Store,515,437,,New,West 2,400013
500,TMSW,Fr,8783,N,N,Regular,Blue,,West,Mumbai,Metro,Maharashtra,Koshy,Siju,9685436643,siju@titan.co.in,Mumbai,Seawoods,12/20/2018,,tmsw@titan.co.in,022-49785494,,"Titan Eye Plus,Shop No. 7 & 8, Shree Ambika Apartment, Plot No. 10, Sector 42A, Seawoods, Navi Mumbai 400 706",400 706,Sahil Gupta,9437030000,SGBL India Ltd,jmd_bbsr@yahoo.co.in,690,480,,New,West 2,400706
482,TMDD,Co,8610,M,M ,Regular,Blue,,West,Mumbai,Metro,Maharashtra,Koshy,Mangesh,9819767498,mangesh@titan.co.in,Mumbai,Dadar,7/31/2018,,tmdd@titan.co.in,022-24145459,Sujit,"Titan Eye Plus,Shop No.1 & 2,Vasant Niwas Ranade Road, opp. Dadar railway station, Dadar West,Mumbai - 400028", 400028,Company store ,Company store ,Titan Eye Plus,Company Store,951,744,,New,West 2,400028
412,TMVT,MA,8766,N,N,Regular,Blue,,West,Mumbai,Metro,Maharashtra,Koshy,Siju,9685436643,siju@titan.co.in,Mumbai,Vashi Station Rd,6/30/2017,,tmvt@titan.co.in,022-20870826,Shuaib Pathan,"Titan Eye Plus, Shop No.G-01, Haware Infotech Park, Plot No.39, Beside Reliance Digital, (Near 4 point Hotel Vashi), Station Road Sector 30A, Vashi, Navimumbai - 400706", 400706,Akshay Surendra Mehta,9773145455,N Kumar & Bros Mktg Pvt Ltd,akshaysm@gmail.com,544,534,,New,West 2,400706
410,TMCO,Co,6636,M,Hstreet,Regular,Blue,,West,Mumbai,Metro,Maharashtra,Koshy,Siju,9685436643,siju@titan.co.in,Mumbai,Colaba,6/30/2017,,tmco@titan.co.in,022-22810075 / 76,Gaurav ,"Titan Eye Plus ,Shop No.2,3 & 32, Ruki Mahal Co operative Housing Society Ltd, Shahid Bhagat Singh Road, Colaba, Mumbai- 400005", 400005,Company store ,Company store ,Titan Eye Plus,Company Store,816,589,,New,West 2,400005
402,TMKG,Fr,8779,N,Hstreet,Regular,Blue,,West,Mumbai,Metro,Maharashtra,Koshy,Siju,9685436643,siju@titan.co.in,Mumbai,Kharghar,3/30/2017,,tmkg@titan.co.in,022-27744242,Neeraj,"Titan Eye+,Shop no 42,43,Patel Heritage,Plot 15 & 17,sector 7 , Kharghar, Navimumbai - 410210", 410210,Vikrant Alimchandani,9820959676,Oceanic Ventures,oceanicventures9@gmail.com,602,399,,New,West 2,410210
398,TMAD,Co,8768,N,N,Helios,Blue,,West,Mumbai,Metro,Maharashtra,Koshy,Imran,8097836781,mohdimran@titan.co.in ,Mumbai,Mazda Wines,3/30/2017,,tmad@titan.co.in,022-26200552/3,,"Titan Eye Plus,Mazda Wines, SV Road, Andheri west Mumbai - 400056", 400056,Company store ,Company store ,Titan Eye Plus,Company Store,616,,,New,West 2,400056
13,TMCH,MA,8756,M1,Hstreet,Regular,Orange,G Floor,West,Mumbai,Metro  ,Maharashtra,Koshy,Siju,9685436643,siju@titan.co.in,Mumbai,Chembur,6/13/2008,July'17 / Feb'18,tmch@titan.co.in,022-66711447,Shailesh Bharati,"Titan Eye +, : Shop No1,XLNC Chamber,Plot No.408, OPP IDBI Bank, Sion Trombay Road,Chembur,Mumbai - 400071", 400071,Mr. Ravi Jaggi / Mr. Rajesh Jaggi,,Jaggi Associates,rajeshjaggi@gmail.com,457,365,2.5,New,West 2,400071
14,TMTA,MA,8607,A,Hstreet,Regular,Orange,G Floor,West,Mumbai,Metro  ,Maharashtra,Koshy,Mangesh,9819767498,mangesh@titan.co.in,Mumbai,Thane (Nitin Company),6/16/2008,3/30/2018,tmta@titan.co.in,022 -25395500,Manish Kotain,"Titan Eye+, Shreeji Arcade,Shop no 18,G/F,Opp-Nitin Cast,Panch Pakhdi,Thane West,Mumbai,Maharastra-400099",-400099,Manish P Kotian,,Amma Vision Tech,manishpkotian@gmail.com,545,460,531,New,West 2,400602
15,TMVS,Co,6603,BL,Hstreet,Helios,Blue,G Floor,West,Mumbai,Metro  ,Maharashtra,Koshy,Siju,9685436643,siju@titan.co.in,Mumbai,Vashi Se-17,6/16/2008,,tmvs@titan.co.in, 9594687736 / 7021729577,Inamdar,"Titan Eye+, Shop No- 23A & 23, Mahaveer Center, Plot No- 77, Sector No- 17, Vashi- Turbhe  Road, Navi- Mumbai- 400703", 400703,Company store ,Company store ,Titan Eye Plus,Company Store,636,560,2.97812,New,West 2,400703
385,TMGP,MA,8644,N,N,Regular,Blue,,West,Mumbai,Metro  ,Maharashtra,Koshy,Mangesh,9819767498,mangesh@titan.co.in,Mumbai,Ghatkopar,2/28/2017,,tmgp@titan.co.in,2225170092,Kapil Artani,"Titan Eye Plus, No.G-27, R city Mall, Ghatkopar(West), Mumbai - 400086", 400086,Company store ,-,Titan Eye Plus,Company Store,686,557,,New,West 2,400086
378,TMBW,Co,8755,N,N,Regular,Blue,,West,Mumbai,Metro,Maharashtra,Koshy,Imran,8097836781,mohdimran@titan.co.in ,Mumbai,Borivali West,1/31/2017,,tmbw@titan.co.in,022 28990244/ 28990240,,"Titan Eye +,Shop No.4, Kent Gardens, Factory Lane,Opp Chintamani Jewellers, Borivali west Mumbai - 400092", 400092,Company store ,Company store ,Titan Eye Plus,Company Store,508,529,,New,West 2,400092
369,TMPK,Co,6244,N,N,WOT,Blue,,West,Mumbai,Metro,Maharashtra,Koshy,Siju,9685436643,siju@titan.co.in,Mumbai,Kurla Phoneix,12/30/2016,,tmpk@titan.co.in,022-61801345 / 41,Naved,"Titan Eye+,Unit No G 11,Phoenix Market City, Kurla,LBS Street,Kurla west,Mumbai - 400070", 400070,Company store ,Company store ,Titan Eye Plus,Company Store,504,473,,New,West 2,400070
366,TMLU,MA,8626,N,N,Regular,Blue,,West,Mumbai,Metro,Maharashtra,Koshy,Siju,9685436643,siju@titan.co.in,Mumbai,Lalbagh,12/30/2016,Sep'18,tmlu@titan.co.in,022 24700180 / 81,Sagar,"Titan Eye Plus,Shop No.12,13,Mehta Building, Dr,Baba Saheb Ambedkar Rd, Gundecha Garden, Lalbaug, Miumbai - 400012", 400012,Shakil Khan,9819597788/02226817562,Maahi Enterprise,shakilkhan777@gmail.com,524,370,,New,West 2,400012
352,TMVI,Fr,8751,N,N,Regular,Blue,,West,Mumbai,Metro,Maharashtra,Koshy,Imran,8097836781,mohdimran@titan.co.in ,Mumbai,Vasai,10/10/2016,,tmvi@titan.co.in,  02502333991,Amit Mehta,"Titan Eye+,Shop no.1, Cecil House no.59, Near Union Bank of India, Parvati cross rd, Manikpur, Vasai Mumbai West - 401202", 401202,Parnav P Doshi,8983312221,Premier Agency,wpmmw@titan.co.in,434,294,,New,West 2,401202
317,TMHC,Co,6233,N,HC,Regular,Orange,,West,Mumbai,Metro  ,Maharashtra,Koshy,Imran,8097836781,mohdimran@titan.co.in ,Mumbai,Malad Hypercity,3/31/2016,,tmhc@titan.co.in,01572-256256,Tejas Waghmare,"Titan Eye+, Hypercity, next to Inorbit Mall, Malad Link Road, Malad (West), Mumbai - 400064", 400064,Company store ,Company store ,Titan Eye Plus,Company Store,367,268,,New,West 2,400064
309,TMDR,Co,6230,N,N,Regular,Blue,,West,Mumbai,Metro  ,Maharashtra,Koshy,Siju,9685436643,siju@titan.co.in,Mumbai,Dadar,2/29/2016,,tmdr@titan.co.in,022-24145459 / 022-24115452,Mr. Swapnil S Parab,"Titan Eye+, Shop no 1, ground floor, Sonu Lodge, Dadar TT, Mumbai- 400 014",400 014,Company store ,Company store ,Titan Eye Plus,Company Store,477,370,,New,West 2,400014
308,TMLM,Fr,8616,M,N,Regular,Blue,,West,Mumbai,Metro  ,Maharashtra,Koshy,Mangesh,9819767498,mangesh@titan.co.in,Mumbai,L J Mahiam,2/29/2016,Nov'18,tmlm@titan.co.in,022-24473612,Dipika Desai,"Titan Eye+,Near New Citylight Cinema, L J Road, Mahim,Mumbai West - 400016", 400016,MONI KOTAK ,9820259652/9820156130/9820053108,M.K.CREATIONS,kartik.nathvani@gmail.com,783,625,,New,West 2,400016
285,TMGR,Co,6221,M,Hstreet,Regular,Orange,,West,Mumbai,Metro  ,Maharashtra,Koshy,Imran,8097836781,mohdimran@titan.co.in ,Mumbai,Goregaon,9/24/2015,,tmgr@titan.co.in,022-40152132 / 33,Mr.Gaurav Sanghani,"Titan Eye+, Shop No 2, Rajanigandha Shopping Centre, Co.Op Society,Ghokuldham, Goregoan (east)Mumbai-400063",-400063,Company store ,Company store ,Titan Eye Plus,Company Store,538,650,1.3,New,West 2,400063
284,TMBD,Co,6449,M,Hstreet,Regular,Orange,,West,Mumbai,Metro  ,Maharashtra,Koshy,Mangesh,9819767498,mangesh@titan.co.in,Mumbai,Bandra,9/16/2015,,tmbd@titan.co.in,022-26435389,Sayed Wasim    ,"Titan Eye+,Shop No.1 ,GF Building, SIB House, 266 Linking Road, Bandra (W), Mumbai-400050",-400050,Company store ,Company store ,Titan Eye Plus,Company Store,846,608,4.68,New,West 2,400050
271,TMKY,MA,8603,N2,N,Regular,Orange,,West,Mumbai,Metro  ,Maharashtra,Koshy,Mangesh,9819767498,mangesh@titan.co.in,Mumbai,Kalayan,5/30/2015,4/1/2018,tmky@titan.co.in,0251-2306144,Shuaib Pathan,"Titan Eye+,Shop no. 20, Ammu Supreme Building, Next to D mart, Bail Bazar Road, Kalyan City, Thane, Mumbai – 421301 ",421301 ,Jivin Panjwani,8828098009,KS Ventures,jivin1996@gmail.com,778,572,1.8,New,West 2,421301
267,TMWI,Co,6206,M1,N,Regular,Orange,G Floor,West,Mumbai,Metro  ,Maharashtra,Koshy,Mangesh,9819767498,mangesh@titan.co.in,Mumbai,Worli,5/19/2015,,tmwi@titan.co.in,022-24969724,Rahul Kumar Singh,"Titan Eye+,Shop No.003, The Manwani Co Op HSG Society Ltd, Plot No.206, 125, A B Road, Worli Naka, Mumbai - 400018", 400018,Company store ,Company store ,Titan Eye Plus,Company Store,506,322,1.1,New,West 2,400018
231,TMBR,Co,6210,M3,N,Regular,Orange,G Floor,West,Mumbai,Metro  ,Maharashtra,Koshy,Imran,8097836781,mohdimran@titan.co.in ,Mumbai,Bhayender,11/15/2014,,tmbr@titan.co.in,022 28045452 / 28175452,Surjeet Yadav,"Titan Eye+, G-17A, Maxus Mall, Bhayender West Mumbai - 401101", 401101,Company store ,Company store ,Titan Eye Plus,Company Store,618,430,0.96,New,West 2,401101
222,TMVR,Co,6207,SIS,N,Regular,Orange,G Floor,West,Mumbai,Metro  ,Maharashtra,Koshy,Imran,8097836781,mohdimran@titan.co.in ,Mumbai,Virar,9/30/2014,,tmvr@titan.co.in,9028019430,Atul Kumbhar,"Titan Eye+,Shop No. 8 & 9. Arjun Plaza,
Opp- Dominos Pizza,
Nr Old Viva College,
Virar -west , Palghar- 401303", 401303,Company store ,Company store ,Titan Eye Plus,Company Store,390,180,0.5,New,West 2,401303
214,TMFA,Co,6203,M3,N,Regular,Orange,1st Floor,West,Mumbai,Metro  ,Maharashtra,Koshy,Imran,8097836781,mohdimran@titan.co.in ,Mumbai,Infinity Andheri West,8/8/2014,,tmfa@titan.co.in,022-26300048 / 49,Chaitanya Kanade,"Titan Eye+, No. FF106, Infiniti Mall , Andheri Link Road, Andheri West, Mumbai - 400053", 400053,Company store ,Company store ,Titan Eye Plus,Company Store,557,320,1.8,New,West 2,400053
211,TMSN,MA,8625,N2,N,Regular,Orange,G Floor,West,Mumbai,Metro  ,Maharashtra,Koshy,Siju,9685436643,siju@titan.co.in,Mumbai,Sion,7/31/2014,3/31/2018,tmsn@titan.co.in,022-24039824,Asha Chandreshakar,"Titan Eye+, Shop No.1, GF, Chaman House, Laxmibai Kelkar Marg, Sion Circle, Sion East Mumbai - 400022", 400022,Sathish Jayapaul,8169551886/9664614537,Karen Sunshine Enterprises,satishjaypaul9@gmail.com,539,360,1.5,New,West 2,400022
173,TMVC,Co,6431,SIS,HC,Regular,Orange,G Floor,West,Mumbai,Metro  ,Maharashtra,Koshy,Mangesh,9819767498,mangesh@titan.co.in,Mumbai,Vivacity Hypercity,7/31/2013,,tmvc@titan.co.in,022-61701349,Farhan Menon,"Titan Eye+,HyperCity,In Vivacity mall, #22,GF, Nxt Jupite hospital Eastern express highway, Thane (W) Mumbai - 400601", 400601,Company store ,Company store ,Titan Eye Plus,Company Store,430,345,0.14915415,New,West 2,400601
168,TRPS,Fr,6652,N2,N,Regular,Orange,G Floor,West,Mumbai,Metro  ,Maharashtra,Koshy,Siju,9685436643,siju@titan.co.in,Mumbai,Belapur (CBD),4/11/2013,,trps@titan.co.in,022-27561990,Venkatesh,"Titan Eye+, Shop no. 21,22,23 Mahaveer Rachana Building, opp. Bhumi Mall, Palm beach rd, CBD Belapur, Navi Mumbai- 400614", 400614,Mangesh Parulekar,9820149871,Shree Sukhakarta,mansi_1306@yahoo.com,536,,0.6,Old,West 2,400614
153,TVHC,Co,6420,SIS,HC,SIS,Orange,G Floor,West,Mumbai,Metro  ,Maharashtra,Koshy,Siju,9685436643,siju@titan.co.in,Mumbai,Vashi - Hypercity,7/6/2012,,tvhc@titan.co.in,022-66736472,Mr Siva Nayak,"Titan Eye+,Hyper city, Basement Inorbit Mall, Sector 30/A, Vashi, Navi Mumba- 400705", 400705,Company store ,Company store ,Titan Eye Plus,Company Store,378,198,0.7,New,West 2,400703
140,TMRD,Fr,8772,N2,N,Regular,Orange,G Floor,West,Mumbai,Metro  ,Maharashtra,Koshy,Imran,8097836781,mohdimran@titan.co.in ,Mumbai,Mira Road,1/31/2012,,tmrd@titan.co.in,022-28129957 / 58,Mukesh Dhyani,"Titan Eye+, Shop No.A/23, Sector 10, Opp Allahabad Bank,Near Poonam Sagar, Shanti Nagar, Mira Road-E, Thane - 401107", 401107,Mr. Pranav Doshi & Mr. Sanjay Dagha,08983312221 ( Sanjay Dagha ),Premier Agency,wpmmw@titan.co.in,631,,0.45,Old,West 2,401107
139,TMVE,Fr,8790,M3,N,Regular,Orange,G Floor,West,Mumbai,Metro  ,Maharashtra,Koshy,Imran,8097836781,mohdimran@titan.co.in ,Mumbai,Vile Parle,1/30/2012,Dec'17,tmve@titan.co.in,02266712970 / 02240220030,Mangesh H. Bhogle,"Titan Eye +, Shop No-9 & 10, Tirupati Apts Ltd, Nehru Road, Near Maruti Mandir,Vile Parle-E Mumbai - 400057", 400057,Yogesh Kabra,9321028060,Marudhar Life Style Pvt Ltd,yogeshkabra27@yahoo.com,515,340,1.34,New,West 2,400057
128,TMMW,Co,6661,M3,N,Regular,Blue,G Floor,West,Mumbai,Metro  ,Maharashtra,Koshy,Mangesh,9819767498,mangesh@titan.co.in,Mumbai,Mulund West,9/27/2011,,tmmw@titan.co.in,022-67580196,Ajit,"Titan Eye+, Sagar Gardern opp. Domins LBS road, Mulund west Mumbai-400080",-400080,Company store ,Company store ,Titan Eye Plus,Company Store,531,340,1.68,New,West 2,400080
125,TTRM,Co,6409,M3,Hstreet,Helios / WOT,Blue,G Floor,West,Mumbai,Metro  ,Maharashtra,Koshy,Mangesh,9819767498,mangesh@titan.co.in,Mumbai,Thane - WOT,8/31/2011,,ttrm@titan.co.in,022-25373204,Fahim Khan,"Titan Eye+, Pitrusmuti, Juntion of Ram Maruti rd and Gokhle Rd, Naupada,Thane - W, Thane-400602",-400602,Company store ,Company store ,Titan Eye Plus,Company Store,612,330,1.650550452,New,West 2,400602
124,TMIM,Co,6673,M2,SIS,SIS,Orange,G Floor,West,Mumbai,Metro  ,Maharashtra,Koshy,Imran,8097836781,mohdimran@titan.co.in ,Mumbai,Malad Infinity Mall ,7/31/2011,,tmim@titan.co.in,022-67655097/67709107,Hanumantha K,"Titan Eye+, 19A,Lower ground, Infinity Mall , Link Road, Malad-W, Mumbai-400 064",400 064,Company store ,Company store ,Titan Eye Plus,Company Store,505,320,1.5,New,West 2,400064
118,TMTH,MA,8795,M2,N,Regular,Orange,G Floor,West,Mumbai,Metro  ,Maharashtra,Koshy,Mangesh,9819767498,mangesh@titan.co.in,Mumbai,Hiranandani Meadows -Thane West,6/14/2011,Feb'18,tmth@titan.co.in,022-66752400,Mr.Manish Bhatia,"Titan Eye +, Shop no.5, GF, Emerald Plaza, Block No. 2, Hiranandani Meadows, Off. Pokharan Road 2,  Thane (W) Mumbai - 400602", 400602,Swapnil Sadanand Parab,9819845544/9967645544,Swapnil Optocare,swaparab83@gmail.com,802,600,1.904,New,West 2,400602
41,TMWR,Co,6615,BL,Hstreet,Regular,Blue,G Floor,West,Mumbai,Metro  ,Maharashtra,Koshy,Mangesh,9819767498,mangesh@titan.co.in,Mumbai,Warden Road,1/31/2009,,tmwr@titan.co.in,022 -66104232,Gayatri Adep,"Titan Eye+, Dhun -Abad # 2C, GF 106, Bhulabhai Desai Road, Warden Road, Next to Sony World, Mumbai - 400036", 400036,Company store ,Company store ,Titan Eye Plus,Company Store,915,650,5,New,West 2,400036
106,TWCZ,Co,6668,SIS,SIS,SIS,Orange,G Floor,West,Mumbai,Metro  ,Maharashtra,Koshy,Imran,8097836781,mohdimran@titan.co.in ,Mumbai,Andheri Crystal Point (Star Bazaar),3/31/2011,,twcz@titan.co.in,022-67255782/789,Omprakash Yadav,"Titan Eye+,Star Bazar,Crystal Point ,Off New Link Road,Andheri West,Mumbai .400 053",400 053,Company store ,Company store ,Titan Eye Plus,Company Store,245,190,0.7,New,West 2,400053
101,TMPW,Fr,8760,N1,N,Regular,Blue,G Floor,West,Mumbai,Metro  ,Maharashtra,Koshy,Mangesh,9819767498,mangesh@titan.co.in,Mumbai,Powai,1/31/2011,,tmpw@titan.co.in,022-67251825,Satish Jayapaul,"Titan Eye+, No CG-3, Delphi Building, Ground Floor, Hiranandani Business Park, Powai, Mumbai - 400076", 400076,Khadija Murtuza Chittalwala & Zarina Iqbal Memon,9820037626,UNITED TIMES,mtz.75@hotmail.com,817,,1.9,New,West 2,400076
97,TMFT,Co,6657,M1,Hstreet,Regular,Blue,G Floor,West,Mumbai,Metro  ,Maharashtra,Koshy,Siju,9685436643,siju@titan.co.in,Mumbai,Fort,1/31/2011,,tmft@titan.co.in,022-23830061 /62,Subramanian Shanmugam,"Titan Eye+,Islam building Showroom no 1 & 2, Opp Akbarallys , Veer Nariman Road, Fort, Mumbai - 400001", 400001,Company store ,Company store ,Titan Eye Plus,Company Store,840,514,,New,West 2,400001
91,TMLR,Co,6650,M1,Hstreet,Regular,Blue,G Floor,West,Mumbai,Metro  ,Maharashtra,Koshy,Mangesh,9819767498,mangesh@titan.co.in,Mumbai,Linking Road,12/31/2010,,tmlr@titan.co.in,022-26046621,Mr. Pankaj Tiwari,"Titan Eye+, common Wealth,CHS,229,Linking Rd,opp. Shoppers Stop,Bandra West,Mumbai,Maharastra- 400050", 400050,Company store ,Company store ,Titan Eye Plus,Company Store,727,500,5,New,West 2,400054
86,TMBL,Co,6616,M3,Hstreet,Regular,Orange,G Floor,West,Mumbai,Metro  ,Maharashtra,Koshy,Imran,8097836781,mohdimran@titan.co.in ,Mumbai,Borivali SVP Road,11/30/2010,,tmbl@titan.co.in,022-28933325 / 28930182,Surjith,"Titan Eye+,Shop No.3, 4 & 5, GF, Raghuvir, jn of SVP Road & Ganjawala Lane, Borivali West, Mumbai - 400092", 400092,Company store ,Company store ,Titan Eye Plus,Company Store,504,380,1.65,New,West 2,400092
79,TMKV,MA,8800,M3,Hstreet,Regular,Blue,G Floor,West,Mumbai,Metro  ,Maharashtra,Koshy,Imran,8097836781,mohdimran@titan.co.in ,Mumbai,Kandhivilli (West),9/24/2010,Feb'18,tmkv@titan.co.in,022-42950425 / 28055352,Arjun Vishwakarma,"Ttian Eye+Shop No.5 & 6, GF, Ganesh Manish Co-operative Society, OPP. Dena Bank, S V Road Kandivali - 400067", 400067,Gaurav Manohar Sanghani,,Divine Drishti Optical,gauravsm83@gmail.com,702,590,1.3,New,West 2,400067
69,TMAV,MA,8789,M2,Hstreet,Regular,Orange,G Floor,West,Mumbai,Metro  ,Maharashtra,Koshy,Imran,8097836781,mohdimran@titan.co.in ,Mumbai,Andheri (West),6/26/2010,Oct'17,tmav@titan.co.in,022-67587872 / 67587873,Shakil,"Titan Eye+, Shop No.2, Jamuna Aprt. Opp.to Shoppers Stop, S.V Road, Andheri (W), Mumbai-400058",-400058,Kalp Sheth,,Imperio Enterprise,shethkalp@gmail.com,570,360,2.28,New,West 2,400058
62,TMKD,MA,7926,M2,N,Regular,Blue,1st Floor,West,Mumbai,Metro  ,Maharashtra,Koshy,Imran,8097836781,mohdimran@titan.co.in ,Mumbai,Kandhivilli (East),3/31/2010,Feb'18,tmkd@titan.co.in,022-49240666,Ashok Shetty,"Titan Eye+, Ganesh Aangan Society Shop No :34& 35 Thakur Village  Kandivalli East Mumbai : 400101", 400101,Bhagchand Jain,,PADAM RETAIL,padam.retail@yahoo.com,865,320,1.32,New,West 2,400101
510,TDNI,Fr,8668,N,N,Regular,Blue,,North,Naraina,Metro,Delhi,Jaspreet,Sunil,9911624930,sunilkumar@titan.co.in,Delhi / NCR,Naraina,2/28/2019,,tdni@titan.co.in,011-41675551,,"Titan Eye Plus,C-159, Naraina Industreial Area, Phase I, New Delhi-110028",-110028,Ashok Kumar Daga,9811044982,PROMPT,akd@dagagroup.co.in,493,394,,New,North 1,110028
505,TGUS,Fr,8669,N,N,Regular,Blue,,North,GURGAON,Non-Metro,Haryana,Jaspreet,Vishrut,8860824600,vishrut@titan.co.in,Delhi / NCR,Gurgaon Sec 83 ,1/18/2019,,tgus@titan.co.in,01244088370,,"Titan Eye Plus,GF Shop No. 91, Sapphire 83, Sec 83, Gurugram Haryana 122004", 122004,Mrs.Jyoti Gera,9873859100,Jai Guruji Enterprises,mchayan8@gmail.com ,547,240,,New,North 2,122021
485,TGRD,Fr,8662,N,N,Regular,Blue,,North,Ghaziabad,Non-Metro,Uttar Pradesh,Jaspreet,Anil,98117 32609,anilkumar@titan.co.in,Delhi / NCR,RDC Raj Nagar,9/10/2018,,tgrd@titan.co.in,0120-4263222,,"Titan Eye Plus,GF, Plot No 4, Advocate Chamber RDC Raj Nagar, Ghaziabad, Up - 201002", 201002,Ashok Kumar Daga,9811044982, Nikunj Udyog,akd@dagagroup.co.in,612,364,,New,North 2,201002
483,TGMF,Co,8658,M,M,Regular,Blue,,North,Gurgaon,Non-Metro,Haryana,Jaspreet,Vishrut,8860824600,vishrut@titan.co.in,Delhi / NCR,Gurgaon MGF,8/14/2018,,tgmf@titan.co.in,0124-4016935,,"Titan Eye Plus,Shop No.FF-15,1st Floor, The Metroplolitan,MGF Mall- Gurugram - 122002", 122002,Company store ,Company store ,Titan Eye Plus,Company Store,498,333,,New,North 2,122002
479,TGVH,Fr,8661,N,N,Regular,Blue,,North,Ghaziabad,Non-Metro,Uttar Pradesh,Jaspreet,Anil,98117 32609,anilkumar@titan.co.in,Delhi / NCR,Vaishali,7/25/2018,,tgvh@titan.co.in,0120 427 7763,,"Titan Eye Plus,Plot No.4, Shop No.5, Shriram Plaza,Sector 4 Market, Vaishali, Ghaziabad - 201010", 201010,Amit Seth,9891701008,SKUPA International Pvt Ltd,amit.seth@skupa.in,299,202,,New,North 2,201010
470,TGSP,Fr,8654,N,N,Regular,Blue,,North,GURGAON,Non-Metro,Haryana,Jaspreet,Vishrut,8860824600,vishrut@titan.co.in,Delhi / NCR,South Point Mall,5/19/2018,,tgsp@titan.co.in,0124-4012880,,"Titan Eye Plus,Shop No.UG-16, Golf Couse Road,Sec-53,South Point Mall Gurgaon - 122002", 122002,Ritesh Agarwal,9599382747,Phantom Marketing Pvt Ltd,riteshagarwal@me.com,507,368,,New,North 2,122002
450,TDJR,Fr,8747,N,N,Regular,Blue,,North,West Delhi,Metro,Delhi,Jaspreet,Sunil,9911624930,sunilkumar@titan.co.in,Delhi / NCR,Jail Road,1/31/2018,,tdjr@titan.co.in,011-41251600,,"Titan Eye Plus,GL-12, G-Floor, Bindra Chamber , Jail Road ,  New Delhi - 110058", 110058,Piyush Goyal,9971202663,Negmy Solution,piyush797979@gmail.com,622,424,,New,North 1,110058
449,TDGL,Fr,8748,N,N,LC,LC - Blue,,North,West Delhi,Metro,Delhi,Jaspreet,Sunil,9911624930,sunilkumar@titan.co.in,Delhi / NCR,Mohan Garden,1/31/2018,,tdgl@titan.co.in,8810397455,Narendra maurya,"Titan Eye Plus,A-106, Mohan Garden, main Najafgarh road, Uttam nagar, New Delhi - 110059", 110059,Devesh Patel,9953630009,Swastik Distributors,mail.swastikdistributors@gmail.com,486,332,,New,North 1,110059
432,TDJU,Fr,8738,N,N,Regular,Blue,,North,South Delhi,Metro,Delhi,Jaspreet,Sunil,9911624930,sunilkumar@titan.co.in,Delhi / NCR,Janakpuri,10/30/2017,,tdju@titan.co.in, 011-40395373,,"Titan Eye Plus,C-1 /6 , Janak Puri, New Delhi - 110058", 110058,Sanjay Arora,9810010860,NICEVUE,san2003@gmail.com,551,431,,New,North 1,110058
430,TNJF,Fr,8740,N,N,Regular,Blue,,North,GAUTAM BUDDHA NAGAR,Metro,Uttar Pradesh,Jaspreet,Anil,98117 32609,anilkumar@titan.co.in,Delhi / NCR,Noida -Jagat Farm,10/23/2017,,tnjf@titan.co.in,0120-4571973,,"Titan Eye Plus,No.249 1st Floor,Gurbaksh Plaza,Jagat Farm, Greater Noida,UP - 201308", 201308,Laxminarayan Singhal,9810397574,VIMA Eyecare,drmanojsinghal2014@gmail.com,670,522,,New,North 2,201308
11,TDKA,Co,6800,C,Hstreet,Helios / WOT,Blue,G Floor,North,Central Delhi,Metro  ,Delhi,Jaspreet,Sunil,9911624930,sunilkumar@titan.co.in,Delhi / NCR,Karol Bagh,4/22/2008,,tdka@titan.co.in,011-45081302,​Mr. Ajnesh Kumar,"Titan Eye Plus, # 17 A/ 10, WEA Ajmal Khan Road, Karol Bagh, New Delhi - 110 005",110 005,Company store ,Company store ,Titan Eye Plus,Company Store,600,,1.2,New,North 1,110005
423,TDVJ,Co,6874,M,Mall,Helios / WOT,Blue,,North,South West Delhi,Metro,Delhi,Jaspreet,Vishrut,8860824600,vishrut@titan.co.in,Delhi / NCR,Vasant Kunj,9/27/2017,,tdvj@titan.co.in,011-40870723,Pankaj Paliwal,"Titan Eye Plus,Shop No.F112 & F-124 1st flr, Ambience Mall, Plot No.2, Nelson Mandela Marg,Vasant Kunj, Delhi - 110070", 110070,Company store ,Company store ,Titan Eye Plus,Company Store,495,586,,New,North 1,110070
388,TDAM,Co,6316,N,N,Regular,Blue,,North,Gurgaon,Non-Metro,Haryana,Jaspreet,Vishrut,8860824600,vishrut@titan.co.in,Delhi / NCR,Ambiance Mall,2/28/2017,,tdam@titan.co.in,0124-4665505,,"Titan Eye Plus,S- 242, Ambience Mall ,Gurgaon - 122001", 122001,Company store ,Company store ,Titan Eye Plus,Company Store,531,197,,New,North 2,122001
386,TDDK,Fr,8730,N,N,Regular,Blue,,North,South West Delhi,Metro,Delhi,Jaspreet,Vishrut,8860824600,vishrut@titan.co.in,Delhi / NCR,Dwaraka Sec 12,2/28/2017,,tddk@titan.co.in,011-49099772,Sushil Sharma,"Titan Eye Plus, Plot No.12, GF, Vardhman Sunder Plaza, MLU sector 12, Dwarka, Delhi - 110078", 110078,"Kunal S. Kapre , Sidharth Agarwal",9711272692/9990253888,S.K. Enterprises,titaneyedwarka@gmail.com,255,182,1.25,New,North 1,110078
354,TDMH,Fr,8724,N,N,WOT,Blue,,North,East Delhi,Metro,Delhi,Jaspreet,Anil,98117 32609,anilkumar@titan.co.in,Delhi / NCR,Mayur Vihar,10/24/2016,,tdmh@titan.co.in,011-42420550,Hans Raj Aggarwal,"Titan Eye +,C\4\17 Acharyaganj Road,Mayur Vihar 1,Delhi - 110091", 110091,Ashok Daga,9811044982,Prompt,akd@dagagroup.co.in,506,812,0.6,New,North 1,110091
342,TNCM,Fr,6845,N,N,WOT,Blue,,North,GAUTAM BUDDHA NAGAR,Metro,Uttar Pradesh,Jaspreet,Anil,98117 32609,anilkumar@titan.co.in,Delhi / NCR,Noide -Sector 50,8/5/2016,,tncm@titan.co.in,120-7112200 & 9717293040,Gaurav Shukla,"Titan Eye+, B1/53, Next to DCK, Central Market, Noida - 201301", 201301,Gaurav Shukla,9717293040,Sai Kripa Enterprises,gauravraje1@rediffmail.com,385,514,0.75,New,North 2,201301
263,TNGI,Co,6335,M,N,Regular,Blue,2nd ,North,GAUTAM BUDDHA NAGAR,Metro  ,Uttar Pradesh,Jaspreet,Anil,98117 32609,anilkumar@titan.co.in,Delhi / NCR,Noida -GIP Mall,4/15/2015,,tngi@titan.co.in,0120 433 1421,Dhananjay Pandey,"Titan Eye+, # 247,2nd Floor, GIP Mall,Sector-38-A, Noida - 201301", 201301,Company store ,Company store ,Titan Eye Plus,Company Store,411,333,1.5,Old,North 2,201301
218,TGZP,MA,8676,N1,N,Regular,Orange,G Floor,North,Ghaziabad,Non-Metro,Uttar Pradesh,Jaspreet,Anil,98117 32609,anilkumar@titan.co.in,Delhi / NCR,Shipra Mall,9/5/2014,,tgzp@titan.co.in,0120-4104297,Ishan Agarwal,"Titan Eye+,Shop No-42,L-2,Ground Floor Shipra Mall Indirapuram Ghaziabad UP - 201014", 201014,"Kunal S. Kapre , Sidharth Agarwal",9711272692/9990253888,S.K. Enterprises,titaneyedwarka@gmail.com,468,375,2.2,Old,North 2,201014
217,TGGS,Fr,8678,N1,N,WOT,Orange,1st Floor,North,Lucknow,Metro  ,Haryana,Jaspreet,Vishrut,8860824600,vishrut@titan.co.in,Delhi / NCR,Gurgaon Sec 14,8/30/2014,,tggs@titan.co.in,0124- 4264542,Gautam Kohli,"Titan Eye+,SCO no 81, 1st Floor, Sector 14, Gurgaon, Haryana - 122002", 122002,Ms Vandana Sabharwal,9810782823,Pardarshi Agencies,vandy.sabharwal@gmail.com ,475,380,0.5,New,North 2,122002
20,TDRO,Co,6803,BL,Hstreet,Regular,Blue,G Floor,North,North West Delhi,Metro  ,Delhi,Jaspreet,Sunil,9911624930,sunilkumar@titan.co.in,Delhi / NCR,Rohini,8/21/2008,,tdro@titan.co.in,011 -47085917,Manoj Kumar Singh,"Titan Eye+, E-1/2, SEC-7, Rohini, (Opp-M2K),New Delhi-110085",-110085,Company store ,Company store ,Titan Eye Plus,Company Store,1148,820,1.1,New,North 1,110085
213,TSAT,Fr,6327,N2,N,WOT,LC - Blue,G Floor,North,Sonepat,Non-Metro,Haryana,Jaspreet,Sunil,9911624930,sunilkumar@titan.co.in,Delhi / NCR,Atlas Road,7/31/2014,,tsat@titan.co.in,0130-2214064,Mr.Chan Mohan Bagga ,"Titan Eye+,Shop No 968,Indra Colony,Atlas Road,Sonipat - 131001", 131001,Saurabh Agrawal,9899967910 / 9728143064,SS ENTERPRISES,agrawal_Sk11@yahoo.com,922,,0.45,Old,North 2,131001
209,TDKL,Co,6315,M3,N,WOT,Blue,G Floor,North,North Delhi,Metro  ,Delhi,Jaspreet,Sunil,9911624930,sunilkumar@titan.co.in,Delhi / NCR,Kamla Nagar,7/24/2014,,tdkl@titan.co.in,011-65150005,Upkar Malik,"Titan Eye+, # 20E, Bungalow Road,Near Amitabh Banquet, Kamlanagar, New Delhi  -110007",-110007,Company store ,Company store ,Titan Eye Plus,Company Store,974,,1.4,New,North 1,110007
207,TDJN,MA,8745,N1,N,WOT,Orange,G Floor,North,West Delhi,Metro  ,Delhi,Jaspreet,Sunil,9911624930,sunilkumar@titan.co.in,Delhi / NCR,Janakpuri 2,7/23/2014,Nov'17,tdjn@titan.co.in,011-41588794,Anuj Kumar,"Titan Eye+, G-1 Janak Place,District Center,Janakpuri - 110058", 110058,Meeta Khera,9810872200,OPULENTUS RETAIL PVT LTD,meeta.khera@gmail.com,585,468,0.5,Old,North 1,110058
203,TDPP,Fr,6321,N1,N,WOT,Orange,G Floor,North,North West Delhi,Metro  ,Delhi,Jaspreet,Sunil,9911624930,sunilkumar@titan.co.in,Delhi / NCR,Pitampura,6/16/2014,,tdpp@titan.co.in,011-27351607,Mr. Saurabh Aggrawal ,"Titan Eye+,151,Kapil Vihar,Main Metro Road, Opp. Metro Pillar No 353,Pitampura Newdelhi-110034",-110034,Saurabh Agarwal,9899967910,Manhar,agrawal_Sk11@yahoo.com,450,,,Old,North 1,110034
198,TDSE,Co,6825,M3,N,Helios / WOT,Orange,G Floor,North,South Delhi,Metro  ,Delhi,Jaspreet,Vishrut,8860824600,vishrut@titan.co.in,Delhi / NCR,South Extension,5/3/2014,,tdse@titan.co.in,011-42003378,Kailash Chandra Varshney,"Titan Eye+, F-42, Part-1, South Extension, New Delhi - 110049", 110049,Company store ,Company store ,Titan Eye Plus,Company Store,958,,2.58,New,North 1,110049
192,TDRC,Fr,8659,M3,N,Regular,Orange,G Floor,North,South West Delhi,Metro  ,Delhi,Jaspreet,Vishrut,8860824600,vishrut@titan.co.in,Delhi / NCR,Dwaraka ,1/11/2014,10-May'18,tdrc@titan.co.in,011-40274143,,"Titan Eye Plus,Plot No.E-559, GF, Palam Extension, sector-7, Ramphal Chowk, Dwarka, New Delhi - 110075", 110075,Ritesh Agarwal,9599382747,Phantom Marketing Pvt Ltd,riteshagarwal@me.com,579,405,1.15,New,North 1,110075
183,TDCP,Co,6804,M3,N,Regular,Orange,G Floor,North,Central Delhi,Metro  ,Delhi,Jaspreet,Sunil,9911624930,sunilkumar@titan.co.in,Delhi / NCR,CP ,10/17/2013,,tdcp@titan.co.in,011-42564671,Gyanesh Kumar,"Titan Eye+, K-28, Opp PVR Plaza, Connaught Place Delhi - 110001", 110001,Company store ,Company store ,Titan Eye Plus,Company Store,1192,850,5.75,New,North 1,110001
28,TDLJ,MA,8677,BL,Hstreet,Regular,Blue,G Floor,North,South Delhi,Metro  ,Delhi,Jaspreet,Vishrut,8860824600,vishrut@titan.co.in,Delhi / NCR,Lajpat Nagar,10/15/2008,,tdlj@titan.co.in,011 - 46535748/49,B N Aggarwal,"Titan Eye Plus,C3, Central Market, Lajpat Nagar-2, Lajpat Nagar, New Delhi- 110024", 110024,Manoj Kr Singh,9818544774,Kumar Enterprise,mnjkmr96@gmail.com,805,625,0.8,New,North 1,110024
182,TDRI,Co,8711,N1,N,Regular,Blue,G Floor,North,West Delhi,Metro  ,Delhi,Jaspreet,Sunil,9911624930,sunilkumar@titan.co.in,Delhi / NCR,Rajouri Garden,9/19/2013,,tdri@titan.co.in,011-45089171,Shyam Sunder,"Titan Eye+,J-12/22 Ground Floor Shop No.3, Rajouri Garden- 110027", 110027,Company store ,Company store ,Titan Eye Plus,Company Store,537,360,,New,North 1,110027
154,TGHX,MA,8670,H1,H1,SPX,Blue,,North,GURGAON,Metro,Haryana,Jaspreet,Vishrut,8860824600,vishrut@titan.co.in,Delhi / NCR,Gurgon Fortis (Spexx),7/20/2012,Dec'18,tghx@titan.co.in,0124-4203346,Manish Mehta ,"Titan Eye+, ""Fortis Hospital Gurgaon"" Sector 44, Opp HUDA City Metro station, Gurgaon - 122002", 122002,Rajesh Hariharan,9811233309,UMA HARI,hariharan.rajesh@gmail.com,214,214,,New,North 2,122002
113,TGAR,Fr,6836,N1,N,Regular,Blue,G Floor,North,Ghaziabad,Non-Metro,Uttar Pradesh,Jaspreet,Anil,98117 32609,anilkumar@titan.co.in,Delhi / NCR,Ambedkar Road,5/31/2011,,tgar@titan.co.in,0120-4227755,Rahul Mishra,"Titan Eye+, No. III-N-20, Ambedkar Road, Ghaziabad (U.P) 201001", 201001,Narendra Kumar,9911584155,Forever Beads N Jewel Pvt Ltd,narender_kumar_gupta@hotmail.com,601,,0.9,New,North 2,201101
107,TGIR,MA,8715,N1,Mall,Regular,Blue,G Floor,North,Ghaziabad,Non-Metro,Uttar Pradesh,Jaspreet,Anil,98117 32609,anilkumar@titan.co.in,Delhi / NCR,Indirapuram,3/31/2011,,tgir@titan.co.in,"01204-372419,82",Mr. Eshaan Agarwal,"Titan Eye+, BG-22 Aditya City Centre ,Plot No C/GH-03,Vaibhav Khand,Indirapuram ,Ghaziabad - 201014", 201014,"Kunal S. Kapre , Sidharth Agarwal",9711272692/9990253888,S.K. Enterprises,titaneyedwarka@gmail.com,602,481,1.02039,New,North 2,201104
33,TNOI,Fr,6805,BL,Hstreet,Regular,Blue,G Floor,North,GAUTAM BUDDHA NAGAR,Metro  ,Uttar Pradesh,Jaspreet,Anil,98117 32609,anilkumar@titan.co.in,Delhi / NCR,Noide - Sector 18,11/30/2008,,tnoi@titan.co.in,0120 - 4545138,Mohan Gupta,"Titan Eye+, # 07 & 7A, Ground Floor, Jop Plaza, Plot No- P2 - Sect -18, Opp - MC Donald's, NOIDA - 201301", 201301,Ritesh Gupta,,Eye Centre,riteshgupta@yahoo.com,1188,,4,New,North 2,201301
90,TDKK,Co,6840,M3,N,Regular,Blue,G Floor,North,South Delhi,Metro  ,Delhi,Jaspreet,Anil,98117 32609,anilkumar@titan.co.in,Delhi / NCR,Kalkaji,12/31/2010,,tdkk@titan.co.in,011-40623047,Darpan Rai,"Titan Eye+,H-8-B,G R. Floor, Main Road, Kalkajee, New Delhi -110019",-110019,Company store ,Company store ,Titan Eye Plus,Company Store,625,340,1.4045,New,North 1,110019
89,TDMN,Co,6841,M2,Hstreet,Regular,Orange,G Floor,North,South Delhi,Metro  ,Delhi,Jaspreet,Vishrut,8860824600,vishrut@titan.co.in,Delhi / NCR,Malvianagar,12/26/2010,,tdmn@titan.co.in,011-41090515,Rahul Chopra,"Titan Eye+,No.C-10 Malvia Nagar,New Delhi -110017",-110017,Company store ,Company store ,Titan Eye Plus,Company Store,771,520,1.9313,New,North 1,110017
82,TFBH,Co,6821,N1,N,Regular,Blue,G Floor,North, FARIDABAD,Metro  ,Haryana,Jaspreet,Anil,98117 32609,anilkumar@titan.co.in,Delhi / NCR,Faridabadh,10/31/2010,,tfbh@titan.co.in,"0129-4178529,30",Mr.Arindam Chakraborty,"Titan Eye+,Shop No.81&82 Sector -15 Market,Faridabad,Haryana - 121007", 121007,Company store ,Company store ,Titan Eye Plus,Company Store,634,450,0.65,New,North 2,121007
77,TDPH,Co,6834,N1,N,WOT,Orange,G Floor,North,West Delhi,Metro  ,Delhi,Jaspreet,Sunil,9911624930,sunilkumar@titan.co.in,Delhi / NCR,Pashim Vihar,8/31/2010,,tdph@titan.co.in,011 4568 9508,Vivek Dogra,"Titan Eye + ,A3/1,Paschim Vihar, Jwala Heri, New Delhi - 110063", 110063,Company store ,Company store ,Titan Eye Plus,Company Store,514,,0.88288,New,North 1,110063
70,TDVM,Co,6826,N1,Hstreet,Regular,Orange,G Floor,North,East Delhi,Metro  ,Delhi,Jaspreet,Anil,98117 32609,anilkumar@titan.co.in,Delhi / NCR,Vikasmarg,6/30/2010,,tdvm@titan.co.in,011-40450147,Dinesh K Parashri,"Titan Eye+, Shop No.82 & 83,Vijaya Block, LaxmiNagar,Vikas Marg,New Delhi-110092",-110092,Company store ,Company store ,Titan Eye Plus,Company Store,780,620,0.93806,New,North 1,110092
68,TDAV,Co,6835,N1,N,Regular,Blue,G Floor,North,North West Delhi,Metro  ,Delhi,Jaspreet,Sunil,9911624930,sunilkumar@titan.co.in,Delhi / NCR,Ashok vihar,6/12/2010,,tdav@titan.co.in,011-45793784,Sandeep Kumar,"Titan Eye+ Shop no 116-A,Pocket D,Wazirpur,Ashokvihar,phase 3,NewDelhi-110 052",110 052,Company store ,Company store ,Titan Eye Plus,Company Store,750,520,0.9,New,North 1,110052
59,TDGU,Co,6808,N1,Mall,Regular,Orange,G Floor,North,GURGAON,Metro  ,Haryana,Jaspreet,Vishrut,8860824600,vishrut@titan.co.in,Delhi / NCR,Gurgaon(MGF),3/25/2010,,tdgu@titan.co.in,"0124-4143480,4347479",Babban Kumar,"Titan Eye+, FF32,1st floor,Near Koutons,MGF Metropolitian Mall,Mehrauli-Gurgan Road, Gurgaon-  122002, ","22002, ",Company store ,Company store ,Titan Eye Plus,Company Store,501,430,2.05169,New,North 2,122002
569,IEKD,Fr,5036,N,N,Regular,,,East,Kolkata,Metro,West Bengal,Siddhartha,Kushal Das,9051553609,kushald@titan.co.in,Kolkata,Dakbanglow More,11/22/2019,,iekd@titan.co.in, 9804281331,Monalisa Banerjee Majumder,"Titan Eye Plus,N/13/3,G/F,Jessore Road,Barasat(opp M P jewelleries) Kolkata,24 Parganas ( North),West Bengal-700124",-700124,Nityananda Kundu,9831090083,Linkpoint Retails Private Limited,kundunityahari@gmail.com,430,220,,New,East 2,700124
560,IEKC,Fr,5022,N,N,Regular,,,East,Kolkata,Metro,West Bengal,Siddhartha,Kushal Das,9051553609,kushald@titan.co.in,Kolkata,Kalyani Central Park,10/10/2019,,iekc@titan.co.in,8777601413,Debjit Chatterjee,"Titan Eye Plus, B7/32(S),kalyani Central Park,Nadia,Kolkata,West Bengal - 741235", 741235,Sashank Chiripal, 9674441198,S.chiripal Enterprises,sashank.chirapal@gmail.com,516,346,,New,East 2,741235
537,TEDK,Co,7720,N,N,Regular,,,East,Kolkata,Metro,West Bengal,Siddhartha,Saurabh,9674490786,saurabhs@titan.co.in,Kolkata,Dhakuria,5/20/2019,,tedk@titan.co.in,8334972809 ,Avisek Prasad ,"16,Gariahat  Road Street ,Dhakuria ,Kolkata-700031",-700031,Company store ,Company store ,Titan Eye Plus,Company Store,602,389,,New,East 2,700031
521,TKBB,Co,7711,N,N,Regular,Blue,,East,Kolkata,Metro,West Bengal,Siddhartha,Saurabh,9674490786,saurabhs@titan.co.in,Kolkata,BB Ganguly Street,3/30/2019,,tkbb@titan.co.in, 9836001156,ABHIJIT MAULIK ,"Titan Eye Plus, # 7,Bipin Behari Ganguly Street Holding No.329 Block No,Xvi Kolkata-700012.",700012.,Company store ,Company store ,Titan Eye Plus,Company Store,1218,800,,New,East 2,700012
502,TKCD,Fr,7701,N,N,Regular,Blue,,East,Kolkata,Metro,West Bengal,Siddhartha,Chandan,9051355556,chandan@titan.co.in,Kolkata,"CIT Road, Park Circus",12/31/2018,,tkcd@titan.co.in,03346041869,,"Titan Eye Plus,P/103 A CIT Scheme L-II,Kolkata -700014",-700014,Kunal Jalan,9903044066,Pashupati Commerce Pvt Ltd,kunal@jalan.co.in,477,322,,New,East 2,700014
496,TRDT,Fr,7707,N,N,Regular,Blue,,East,Kolkata,Metro,West Bengal,Siddhartha,Chandan,9051355556,chandan@titan.co.in,Kolkata,Rajarhat Down Town Mall,11/30/2018,,trdt@titan.co.in,9748847070,Arijit Maulik,"Titan Eye Plus,Shop-1 , Block-A,Uniworld, Downtown Mall,Action Area-III, New Town, Kolkata - 700156", 700156,Sachin Agarwal,9836310401,Maverick Minds Marketing Ideas,ideas.maverickminds@gmail.com,432,270,,New,East 2,700156
456,TKHL,Fr,8941,N,N,LC,LC - Blue,,East,Kolkata,Metro,West Bengal,Siddhartha,Saurabh,9674490786,saurabhs@titan.co.in,Kolkata,Howrah Kadamtala,2/28/2018,,tkhl@titan.co.in, 033-2677-0035,Arib javed,"Titan Eye Plus, No.19/3/1,Bhagaban Chatterjee Lane,Kadamtala, Howrah -711101",-711101,Debasish Datta / Jahar Kanjilal,9748413115,OPTIQUE RETAIL,deb_datt@yahoo.co.in,303,,,New,East 2,711101
419,TKCI,Fr,8935,N,N,Regular,Blue,,East,Kolkata,Metro,West Bengal,Siddhartha,Saurabh,9674490786,saurabhs@titan.co.in,Kolkata,City Centre 1,9/8/2017,,tkci@titan.co.in,033 46018585,,"Titan Eye Plus, Unite No.CCSLE003A, City centre Mall, DC Block , Salt Lake, Kolkata - 700064", 700064,Viresh Jain,9830019000,Surya Vistacom Pvt Ltd,viresh@suryavista.com,407,321,,New,East 2,700064
417,TBIL,Fr,8930,N,N,LC,LC - Blue,,East,Kolkata,Metro,West Bengal,Siddhartha,Kushal Das,9051553609,kushald@titan.co.in,Kolkata,Birati,8/21/2017,,tbil@titan.co.in,033-25142331,,"Titan Eye Plus,No.830/1 M.B Road Siddheswari Bazar, Birati Kolkata- 700051", 700051,Atanu Kanjilal,9433080920,A.K Opticals,atanukanjl123@gmail.com,438,260,,New,East 2,700051
403,TCHO,Fr,6292,N,N,LC,LC - Blue,,East, HOOGHLY,Non-Metro,West Bengal,Siddhartha,Saurabh,9674490786,saurabhs@titan.co.in,Kolkata,N S Road,4/16/2017,,tcho@titan.co.in,7003214176,,"Titan Eye+,Khrua Bazar, N.S.Road, Chinsura, Hooghly - 712101", 712101,Sunil Rajgarhia,9831023382,Auro Sales Pvt Ltd,aurogroup@vsnl.com,538,554,,New,East 2,712101
389,TKTG,Fr,8908,N,N,Regular,Blue,,East,Kolkata,Metro,West Bengal,Siddhartha,Saurabh,9674490786,saurabhs@titan.co.in,Kolkata,Tollygunje,3/17/2017,,tktg@titan.co.in,033-24114049,Nirupama Nayak,"Titan Eye Plus,No-A GF, Premises No. 41/A, NSC Bose Road, Tollygunge, Kolkata 700040", 700040,Sanjoy Tikrewal,9830058502,Karuna Management service pvt ltd,sandeep@karunagroup.in,314,549,,New,East 2,700040
331,TKUD,Fr,8910,N,N,Regular,Blue,,East,Kolkata,Metro,West Bengal,Siddhartha,Chandan,9051355556,chandan@titan.co.in,Kolkata,Ultadanga,6/21/2016,,tkud@titan.co.in,033-23554372 / 9674159971,Mr. Avishek Singha,"Titan Eye,P59,CIT Road ,SCH-VIIM, Ultadanga, Kolkata -700054",-700054,Deepak Parsrampuria,9830115617,Mohini Sales Agencies,deepakparas24@gmail.com,827,298,,New,East 2,700054
325,TKBP,Fr,8907,N,N,Regular,LC - Blue,,East,Kolkata,Metro  ,West Bengal,Siddhartha,Chandan,9051355556,chandan@titan.co.in,Kolkata,Baruipur,5/20/2016,,tkbp@titan.co.in,033-24230004,Prabir Kumar Guha,"Titan Eye+,30 G, Padmapukur, Kulpi Road, War No. 12, Baruipur 700144", 700144,Deepak Parsrampuria,9830115617,Mohini Sales Agencies,deepakparas24@gmail.com,275,216,,New,East 2,700144
320,TKCC,Fr,8901,N,N,WOT,Blue,,East,Kolkata,Metro  ,West Bengal,Siddhartha,Chandan,9051355556,chandan@titan.co.in,Kolkata,City Centre,3/31/2016,,tkcc@titan.co.in,033 40620057,Santosh Kumar Gond,"Titan Eye+, M0003 Block- M Ground Flr City Center New Town kolkata 700136", 700136,Sanjeev Kejriwal,9831005708,Metal Arts Enterprise,sanjeevkejariwal@gmail.com,536,888,0.91,New,East 2,700136
301,TKJP,Fr,6280,N,N,Regular,Orange,,East,Kolkata,Metro  ,West Bengal,Siddhartha,Kushal Das,9051553609,kushald@titan.co.in,Kolkata,Jadavpur,12/21/2015,,tkjp@titan.co.in,033-40734542,Wasim Ahmed,"Titan Eye+,No.47 shyamapally raja sc Mullick road, Jadavpur kolkata -700032",-700032,Avinash Kalyani,9836691000,Kalyani Distributors,avinashkalyani@hotmail.com ,382,270,,New,East 2,700032
16,TKMS,Fr,6700,BL,Mall,WOT,Blue,G Floor,East,Kolkata,Metro  ,West Bengal,Siddhartha,Saurabh,9674490786,saurabhs@titan.co.in,Kolkata,Mani Square,6/16/2008,,tkms@titan.co.in,033 - 40002975 ,Rajiv Das​,"Titan Eye +, Mani Square Mall, Shop.No- 12, GF, # 164/01, Manik Tall Main Road, Off- Eastern Metropolitan Bye Pass, Kolkata - 700 054",700 054,Viresh Jain,,Surya Vistacom Pvt Ltd,viresh@suryavista.com,1140,,3.57,New,East 2,700054
17,TKSS,Co,6706,SIS,SIS,SIS,Blue,G Floor,East,Kolkata,Metro  ,West Bengal,Siddhartha,Chandan,9051355556,chandan@titan.co.in,Kolkata,Shopper Stop,7/12/2008,,tkss@titan.co.in,9073811117,Fatima Rani Paul,"Titan Eye+, South City Mall, No- 375, Prince Anwar Shah Road, Kolkata - 700 068",700 068,Company store ,Company store ,Titan Eye Plus,Company Store,235,320,1.0018398,New,East 2,700068
296,TKDD,Fr,6293,N,N,Regular,Blue,,East,Kolkata,Metro  ,West Bengal,Siddhartha,Saurabh,9674490786,saurabhs@titan.co.in,Kolkata,Dum Dum,11/30/2015,,tkdd@titan.co.in,033 2548-9009,Mr. Subhajit Paul,"Titan Eye+,shop no 2B&3 ground Floor Block No 5, 87 Dum Dum Road Kolkata 700074", 700074,Viresh Jain,9830019000,Surya Vistacom Pvt Ltd,viresh@suryavista.com,578,374,0.6,New,East 2,700074
295,TKSN,MA,6291,N,N,Regular,Orange,,East,Kolkata,Metro  ,West Bengal,Siddhartha,Kushal Das,9051553609,kushald@titan.co.in,Kolkata,Sintheemore,11/27/2015,,tksn@titan.co.in,033-25460241,Arghya Dasgupta,"Titan Eye+,269/1, B T Road, P.S. Baranagar, Dist. North 24 Pargans, Kolkata- 700036", 700036,Ajay Kumar Kejriwal,9903048073,Crystal Times & Arts Pvt Ltd,rtaajay@gmail.com,799,579,0.49,New,East 2,700036
257,TKNA,Fr,6715,N2,N,Regular,Orange,G Floor,East,Kolkata,Metro  ,West Bengal,Siddhartha,Saurabh,9674490786,saurabhs@titan.co.in,Kolkata,New Alipore,3/31/2015,,tkna@titan.co.in,033-40626161,Kity Kumar Patle,"Titan Eye+, # 8, Bankim Mukherjee Sarani, Kolkata - 700053", 700053,Viresh Jain,9830019000,Surya Vistacom Pvt Ltd,viresh@suryavista.com,385,269,0.5,New,East 2,700053
250,TKLS,Fr,6277,N2,N,Regular,Orange,G Floor,East,Kolkata,Metro  ,West Bengal,Siddhartha,Chandan,9051355556,chandan@titan.co.in,Kolkata,Lindsay Street,3/19/2015,,tkls@titan.co.in,033-40626062,Md.Munzareen Alam,"Titan Eye+,# 12/1, Lindsay Street, Kolkata - 700016", 700016,Sanjeev Kejriwal,9831005708,Metal Arts & Creations Pvt Ltd,sanjeevkejariwal@gmail.com,682,558,1.5,Old,East 2,700087
221,TKBI,Fr,6253,N2,N,Regular,Orange,G Floor,East,Kolkata,Metro  ,West Bengal,Siddhartha,Kushal Das,9051553609,kushald@titan.co.in,Kolkata,Baguitai,9/28/2014,,tkbi@titan.co.in,033-25762001,Aparupa Dan Mandal,"Titan Eye+, Shop No. G-3, DC2/11, Deshbandhu Nagar, Shastribagan,Baguiati Kolkata- 700 059",700 059,Tamal Kundu,9831859043 / 9748777189,Harshit Tie-Up Pvt Ltd,fsdcok@gmail.com,577,,0.6,New,East 2,700059
184,TKGT,Co,6757,M3,N,Regular,Orange,G Floor,East,Kolkata,Metro  ,West Bengal,Siddhartha,Saurabh,9674490786,saurabhs@titan.co.in,Kolkata,Gariahat,10/20/2013,,tkgt@titan.co.in, 033-4006-4588,Biswajit Chatterjee,"Titan Eye+,GF Showroom, 6 Dover Lane, P.S.Gariahat Kolkata - 700 029",700 029,Company store ,Company store ,Titan Eye Plus,Company Store,832,600,1.7,New,East 2,700029
161,TKHM,Fr,6730,N1,Mall,Regular,Orange,G Floor,East,Kolkata,Metro  ,West Bengal,Siddhartha,Saurabh,9674490786,saurabhs@titan.co.in,Kolkata,Avani Mall,1/3/2013,,tkhm@titan.co.in,03326780355,Sudip Kundu,"Titan Eye+, Avani River side Mall,Shop No.1 & 2 1st floor, Beside pantaloon, Howrah,Kolkatta - 711102", 711102,Sanjoy Tikrewal,9830058502,Karuna Management service pvt ltd,sandeep@karunagroup.in,353,,1.25552,Old,East 2,711102
158,TKMP,Fr,6746,N1,Hstreet,Regular,Orange,G Floor,East,Kolkata,Metro  ,West Bengal,Siddhartha,Kushal Das,9051553609,kushald@titan.co.in,Kolkata,Rash Behari,11/20/2012,,tkmp@titan.co.in,033-40046310,Khurshid Alam,"Titan Eye+, 34/A Manohar Pukur Road Kolkata-700029",-700029,Arvind Kejriwal,9903048073,Akk Multitrades Pvt.Ltd,rtaajay@gmail.com,464,,0.8,Old,East 2,700029
146,TKSD,Fr,6741,N2,N,Regular,Orange,G Floor,East,Kolkata,Metro  ,West Bengal,Siddhartha,Saurabh,9674490786,saurabhs@titan.co.in,Kolkata,Sodepur,3/31/2012,,tksd@titan.co.in,033 25950015,Tanmoy Bera ,"Titan Eye+, # 37/1, Barasat Road, Amravati, Sodepur, Kolkata - 700110", 700110,Sanjoy Tikrewal,9830058502,Karuna Management service pvt ltd,sandeep@karunagroup.in,800,,0.39,Old,East 2,700110
145,TKBR,Fr,6742,N2,N,Regular,Orange,1st Floor,East,Kolkata,Metro  ,West Bengal,Siddhartha,Saurabh,9674490786,saurabhs@titan.co.in,Kolkata,Barrackpore,3/30/2012,,tkbr@titan.co.in,033 25454444,Abhijit Bhattacharjee,"Titan Eye+, # 92 (56), S N Banerjee Road, Opp.Hindu School,Near Chiriamore, Barrackpore, Kolkata - 700120", 700120,Sanjoy Tikrewal,9830058502,Karuna Management service pvt ltd,sandeep@karunagroup.in,552,,0.4,New,East 2,700120
144,TKRR,Fr,6740,N2,Hstreet,Regular,Blue,G Floor,East,Kolkata,Metro  ,West Bengal,Siddhartha,Saurabh,9674490786,saurabhs@titan.co.in,Kolkata,Rajdanga,3/30/2012,,tkrr@titan.co.in,033 24410117,Dipak Ghosh,"Titan Eye+, # 362 Rajdanga Main Road,Opposite Siemens Main Gate, Kolkata 700160", 700160,Sanjoy Tikrewal,9830058502,Karuna Management service pvt ltd,sandeep@karunagroup.in,429,,0.65,New,East 2,700107
142,TKDH,Fr,6712,N1,Hstreet,Fastrack,Orange,G Floor,East,Kolkata,Metro  ,West Bengal,Siddhartha,Kushal Das,9051553609,kushald@titan.co.in,Kolkata,Behala,2/29/2012,,tkdh@titan.co.in,033-24070085,Manas Kumar Pal,"Titan Eye+, # 153B, Diamond Harbor Road, beside Manton Super Market,Behala, Kolkata 700034", 700034,Tamal Kundu ,9748777189,Five Star Distributor & Co,fsdcok@gmail.com,691,,0.75,New,East 2,700034
30,TKCT,Co,8931,BL,Hstreet,Regular,Blue,G Floor,East,Kolkata,Metro  ,West Bengal,Siddhartha,Chandan,9051355556,chandan@titan.co.in,Kolkata,Parkstreet,10/31/2008,Jun'17,tkct@titan.co.in,8336900775 / 776,Rahil Akhtar,"Titan Eye +, No.20-G Park street Kolkata - 700016", 700016,Company store ,Company store ,Titan Eye Plus,Company Store,1164,,3.19,New,East 2,700016
108,TKSL,Fr,6731,N1,Hstreet,Regular,Orange,G Floor,East,Kolkata,Metro  ,West Bengal,Siddhartha,Saurabh,9674490786,saurabhs@titan.co.in,Kolkata,Saltlake,4/30/2011,,tksl@titan.co.in,033 40679185,Rajib Santra,"Titan Eye+,AE-356 Salt Lake City,Sector -1,Kolkata -700 064.West Bangal", Bangal,Viresh Jain,9830019000,Surya Vistacom Pvt Ltd,viresh@suryavista.com,780,,0.55,New,East 2,700064
85,TKSA,Fr,6727,N2,N,Regular,Blue,G Floor,East,Kolkata,Non-Metro,West Bengal,Siddhartha,Kushal Das,9051553609,kushald@titan.co.in,Kolkata,Santoshpur,11/29/2010,,tksp@titan.co.in,033 4071 9065,Wasim Ahmed,"Titan Eye+, No 200, Santhoshpur avenue, Kolkata - 700047", 700047,"Raghav Kalyani, Avinash",,Kalyani Distributors,avinashkalyani@hotmail.com ,474,,0.27,New,East 2,700075
60,TKNB,Fr,6724,N2,N,Regular,Orange,G Floor,East,Kolkata,Metro  ,West Bengal,Siddhartha,Saurabh,9674490786,saurabhs@titan.co.in,Kolkata,Nagarbazzar,3/29/2010,,tknb@titan.co.in,033-25471114,Deepak Choudhury​,"Titan Eye+,Shop no 100/5,Jessore Road, Kolkatta. 700074", 700074,Viresh Jain,,Surya Vistacom Pvt Ltd,viresh@suryavista.com,700,,0.55,New,East 2,700074
49,TKGR,Fr,6722,DL,N,WOT,Blue,G Floor,East,Kolkata,Metro  ,West Bengal,Siddhartha,Kushal Das,9051553609,kushald@titan.co.in,Kolkata,Garia,4/12/2009,,tkgr@titan.co.in,033 4603 4375,Romi Bahadur,"Titan Eye+, 358/1, Sohum Building, NSC Bose Road, Near HP Petrol Pump, Naktala, Kolkatta - 700047", 700047,"Raghav Kalyani, Avinash",,Kalyani Distributors,avinashkalyani@hotmail.com ,639,,0.58,Old,East 2,700047
40,TKLC,Fr,6716,DL,N,Regular,Blue,G Floor,East,Kolkata,Metro  ,West Bengal,Siddhartha,Saurabh,9674490786,saurabhs@titan.co.in,Kolkata,Lake Town,1/30/2009,,tklc@titan.co.in, 033-4006-2300,Sushmita,"TITAN EYE+, Shop No. 224, Lake Town, Block B, Kolkata - 700089", 700089,Viresh Jain,,Surya Vistacom Pvt Ltd,viresh@suryavista.com,632,,0.75,New,East 2,700089
37,TKSB,Co,6711,C,Hstreet,Regular,Blue,G Floor,East,Kolkata,Metro  ,West Bengal,Siddhartha,Kushal Das,9051553609,kushald@titan.co.in,Kolkata,Shyam Bazaar,1/2/2009,,tksb@titan.co.in,8334977774,Quazi Mansoor Rahman,"Titan Eye+, 224/B APC Road,Shyam Bazaar, Kolkata - 700004", 700004,Company store ,Company store ,Titan Eye Plus,Company Store,856,630,2.1,New,East 2,700004
576,ISCC,MA,5052,N,N,Regular,,,South 1,Chennai,Non-Metro,Tamil Nadu,Sebastian,Amudha,9894995684,amudha@titan.co.in,Chennai,Chrompet-Vetri Theatre,12/31/2019,,iscc@titan.co.in,,,"No 154/306 GST Road,Chrompet,Kanchipuram,600044",",600044",Santosh S,9790788832,Shine Enterprises,santosh.eyeplus@gmail.com,685,496,,New,Sount 2,600044
567,ISCH,Fr,5020,N,N,Regular,,,South 1,Chennai,Non-Metro,Tamil Nadu,Sebastian,Ambarish,7038191420,ambarish@titan.co.in,Chennai,Nungambakkam,11/15/2019,,isch@titan.co.in, 9840181628,Karthick  ,"#125,Nungambakkam High road,Nungambakkam, Chennai, Tamil Nadu-600034",-600034,Dakshay S Bhatija,9841082741,Classique Distrubitor,classiquedistrubitor@gmail.com,649,452,,New,Sount 2,600034
558,ISCM,Fr,8690,N,N,Regular,,,South 1,kanchipuram,Non-Metro,Tamil Nadu,Sebastian,Ambarish,7038191420,ambarish@titan.co.in,Chennai,Marina Mall,9/29/2019,,iscm@titan.co.in,,,"Titan Eye Plus, 13/1A,Marina Mall,Egattur Old Mahapalipuram Road, Tiruporur Taluk, Kanchipuram,Tamilnadu-603106",-603106,Ramesh Gopal,9994944577,sellmore agencies Pvt Ltd,ramesh@sellmoreindia.com,560,408,,New,Sount 2,603106
545,ISMK,Fr,7925,N,N,WOT,,,South 1,Chennai,Non-Metro,Tamil Nadu,Sebastian,Ambarish,7038191420,ambarish@titan.co.in,Chennai,Medavakkam,6/11/2019,,ismk@titan.co.in,9003813541,J.Edison ,"4/476, Ground Floor,Velachary Main Road,Medavakkam, Chennai , Tamilnadu-600100",-600100,RAMESH GOPAL,9994944577,SELLMORE AGENCIES PVT LTD,ramesh@sellmoreindia.com,746,1218,,New,Sount 2,600100
5,TCSC,Co,6905,BS,Hstreet,Regular,Blue,G Floor,South 1,Chennai,Metro  ,Tamil Nadu,Sebastian,Ambarish,7038191420,ambarish@titan.co.in,Chennai,Annanagar West,10/19/2007,,tcsc@titan.co.in,044-43500777 ,Rafeeq Ahmed,"Titan Eye+, Ak-2,4Th  Avenue , Shanthi Colony, Anna Nagar - West, Chennai- 600 040, Ph;044- 43500809/ 43500777",3500777,Company store ,Company store ,Titan Eye Plus,Company Store,1820,1600,3.0,New,Sount 2,600040
538,TCEP,Co,8997,N,N,Regular,Blue,,South 1,Chennai,Non-Metro,Tamil Nadu,Sebastian,Arun,9940362716,arunkumarr@titan.co.in,Chennai,"Phoenix Mall, Velachery",5/24/2019,,tcep@titan.co.in, 044 61153195                                         SHIVARAJ,,"G-17,LGF, Phoenix Mall, Velachery, Chennai - 600042", 600042,Company store ,Company store ,Titan Eye Plus,Company Store,440,,,New,Sount 2,600042
511,TCMV,Fr,7903,N,N,Regular,Blue,,South 1,navalur,Metro,Tamil Nadu,Sebastian,Ambarish,7038191420,ambarish@titan.co.in,Chennai,"Vivira Mall, Navalur",2/28/2019,,tcmv@titan.co.in,9962823646,Udayakumar L,"Titan Eye Plus,Vivira Mall, 33,Old Mahabalipuram Road,Navlur, Chennai-603103",-603103,Ramesh Gopal,9994944577,M/s Sellmore Agencies Private Limited,ramesh@sellmoreindia.com,596,477,,New,Sount 2,600130
501,TCAG,Co,8991,N,N,Regular,Blue,,South 1,Chennai,Metro,Tamil Nadu,Sebastian,Ambarish,7038191420,ambarish@titan.co.in,Chennai,Anna Nagar,12/28/2018,,tcag@titan.co.in,044-48507554,,"Titan Eye Plus,GF,Old No.13, New No.AC-149, Plot No.4920, AC Block, II Avenue, Annanagar, Chennai - 600040", 600040,Company store ,Company store ,Titan Eye Plus,Company Store,714,492,,New,Sount 2,600040
499,TCCR,Co,8862,M,M,Regular,Blue,,South 1,Chennai,Metro,Tamil Nadu,Sebastian,Arun,9940362716,arunkumarr@titan.co.in,Chennai,CPR,12/14/2018,,tccr@titan.co.in,044-48625868,Ashok,"Titan Eye Plus, No.37, Sona Building, C P Ramaswamy Road, Alwarpet, Chennai – 600018", 600018,Company store ,Company store ,Titan Eye Plus,Company Store,900,1249,,New,Sount 2,600028
440,TCPI,Fr,8900,N,N,Regular,Blue,,South 1,Chennai,Metro,Tamil Nadu,Sebastian,Ambarish,7038191420,ambarish@titan.co.in,Chennai,Pallikaranai,12/29/2017,,tcpi@titan.co.in,044-48569948,Nazia,"Titan Eye Plus, Plot No : 2, Thangammal Towers, VGP Rjesh Nagar, Narayanapuram, Pallikaranai, Chennai - 600100", 600100,Veena Ramesh,9840712114,Bonaventure,veenaramesh8@gmail.com,504,560,,New,Sount 2,600100
438,TCTA,Co,8954,M,N,Regular,Blue,,South 1,Chennai,Metro,Tamil Nadu,Sebastian,Arun,9940362716,arunkumarr@titan.co.in,Chennai,T Nagar,11/30/2017,,tcta@titan.co.in,044-28150230,Prakesh,"Titan Eye Plus,No.147, G.N Chetty Road, T.Nagar, Chennai - 600017", 600017,Company store ,Company store ,Titan Eye Plus,Company Store,938,746,,New,Sount 2,600017
428,TCMG,Fr,8821,N,N,WOT,Blue,,South 1,Chennai,Metro,Tamil Nadu,Sebastian,Ambarish,7038191420,ambarish@titan.co.in,Chennai,Mogappair,10/7/2017,,tcmg@titan.co.in,044-26536311,Seetha ,"Titan Eye Plus,Block No.4, Plot, No.1397 & 1398, Mogappair West, Chennai - 600058", 600058,Chitra Sivakumar,9840024832,M/s. SHRISHTI,chitrasivakumar248@gmail.com,1057,838,,New,Sount 2,600037
424,TCVL,Co,8806,N,N,Regular,Blue,,South 1,Chennai,Metro,Tamil Nadu,Sebastian,Arun,9940362716,arunkumarr@titan.co.in,Chennai,Velachery 2,9/28/2017,,tcvl@titan.co.in,044-48648122,,"Titan Eye PlusNo.83, Bye pass road, nxt to Andhra Bank,Velachery, Chennai - 600042", 600042,Company store ,Company store ,Titan Eye Plus,Company Store,1055,727,,New,Sount 2,600042
392,TVPN,Fr,8866,N,N,WOT,Blue,,South 1,Chennai,Non-Metro,Tamil Nadu,Sebastian,Arun,9940362716,arunkumarr@titan.co.in,Chennai,Vadapalani,3/30/2017,,tvpn@titan.co.in,044-23624966,Kimboy P,"Titan Eye +, No.189, Chandamama Builiding, N S K Salai, Vadapalani Chennai - 600026", 600026,Shangrella Rapur,9600097071,Mamas Choice,sayeemd@gmail.com,508,438,,New,Sount 2,600026
307,TCAU,MA,8890,N,N,WOT,Orange,,South 1,Chennai,Metro  ,Tamil Nadu,Sebastian,Ambarish,7038191420,ambarish@titan.co.in,Chennai,Ambattur,1/30/2016,Jul'17,tcau@titan.co.in,044-26583001/1003,Mohana Priya,"Titan Eye+,# 476, MTH Road, Ambattur OT, (Opp.Rakki Cinemas), Chennai - 600053", 600053,Santosh,9790788832,Shine Enterprises,santosh.eyeplus@gmail.com,689,686,,New,Sount 2,600053
273,TCSK,Fr,6396,N2,N,Regular,Orange,,South 1,Chennai,Metro  ,Tamil Nadu,Sebastian,Ambarish,7038191420,ambarish@titan.co.in,Chennai,Sembakkam,6/12/2015,,tcsk@titan.co.in,044-43533358,Soumen Maity,"Titan Eye+,No 228 Velacherry Main Road, Opp to Ponnu Super Market.,Sembakkam Chennai-600073",-600073,Sripriya Arunachalam,9940668022,Proficient Technologies,proficienttechchennai@gmail.com,723,504,0.8,New,Sount 2,600073
235,TCMP,Fr,6357,N2,N,WOT,Orange,G Floor,South 1,Chennai,Metro  ,Tamil Nadu,Sebastian,Ambarish,7038191420,ambarish@titan.co.in,Chennai,Madipakkam,11/29/2014,,tcmp@titan.co.in,044-42695065,Mr.Udaya Kumar,"Titan Eye+, #45 Madipakkam Main Road, Ullagaram, Chennai 600 091",600 091,V G Nedunchezhiyan,8754549211 / 9445277322,Ash Aish Associates,vgnedu@hotmail.com,688,,,Old,Sount 2,600091
229,TCOG,Fr,6366,N2,N,Regular,Orange,G Floor,South 1,Chennai,Metro  ,Tamil Nadu,Sebastian,Ambarish,7038191420,ambarish@titan.co.in,Chennai,OMR 2 (Perungundi),10/31/2014,,tcog@titan.co.in,044 - 24967795,​Bharath ​Ramasamy,"Titan Eye+, Old No.46, New No.56, Rajeevgandhi Salai, OMR, Seevaram, Perungundi, Chennai - 600096", 600096,Srilekha Reddy,9840232376,Colors eye & FT ,srileka.titan@gmail.com,877,,,Old,Sount 2,600096
19,TCAD,Fr,6918,BL,Hstreet,Regular,Orange,G Floor,South 1,Chennai,Metro  ,Tamil Nadu,Sebastian,Arun,9940362716,arunkumarr@titan.co.in,Chennai,Adayar,8/5/2008,,tcad@titan.co.in,044-42337737,Joseph,"Titan Eye +, Shop No- 15, Sardar patel Road, Near Ramkay TVS showroom,Adyar,Chennai - 600 020",600 020,Vikas Khattar,,Topsel Marketing South Pvt Ltd,pikays518@gmail.com,900,,3.25,New,Sount 2,600020
169,TCEA,Co,6466,M3,Mall,Regular,Orange,G Floor,South 1,Chennai,Metro  ,Tamil Nadu,Sebastian,Ambarish,7038191420,ambarish@titan.co.in,Chennai,Express Avenue Mall,4/30/2013,,tcea@titan.co.in,044-48531578,Jawbar Sathik,"Titan Eye+,#SLG-10.,Express Avenue Mall, Whitecrofts Road, Royapetta, Chennai - 600014", 600014,Company store ,Company store ,Titan Eye Plus,Company Store,528,360,1.7,New,Sount 2,600014
164,TCRO,Fr,8826,N1,N,Regular,Blue,G Floor,South 1,Chennai,Metro  ,Tamil Nadu,Sebastian,Arun,9940362716,arunkumarr@titan.co.in,Chennai,Roypuram,3/19/2013,,tcro@titan.co.in,044-42772323 ,Venkatesh K,"Titan Eye+,New No. 72, Old No. 166, Mannarsamy Koil Street, Royapuram, Chennai - 600013", 600013,T.N.SRIKANTH,9840600055,SREE SAI TIMES,sstwot@yahoo.com,827,,1,New,Sount 2,600013
131,TCPE,Fr,8958,N1,N,Regular,Blue,G Floor,South 1,Chennai,Metro  ,Tamil Nadu,Sebastian,Arun,9940362716,arunkumarr@titan.co.in,Chennai,Perumbur,11/9/2011,Jan'18,tcpe@titan.co.in,044-42824511,Antony Shibu T,"Titan Eye+,#50, 70 Feet Road, Periyar Nagar, Perambur, Chennai 600011", 600011,Girish Kumar V,9841013742 / 9381393813,Tabloid Business Solutions Pvt Ltd,girishkumarvenu@gmail.com,590,,0.38,New,Sount 2,600011
111,TCVV,MA,8885,N1,N,Regular,Blue,G Floor,South 1,Chennai,Metro  ,Tamil Nadu,Sebastian,Ambarish,7038191420,ambarish@titan.co.in,Chennai,Valasaravakkam,5/14/2011,Jul'17,tcvv@titan.co.in,044- 45550018,Naresh,"Titan Eye+,Door No 166, Plot No 85,Brindavan Nagar,Arcot Road,Valasaravakkam – Chennai – 600 087",600 087,Santosh,9790788832,Shine Enterprises,santosh.eyeplus@gmail.com,637,502,1.0,New,Sount 2,600087
103,TCTR,Fr,6961,N1,N,Regular,Blue,G Floor,South 1,Chennai,Metro  ,Tamil Nadu,Sebastian,Arun,9940362716,arunkumarr@titan.co.in,Chennai,Tambaram,3/3/2011,Sep'14,tctr@titan.co.in,044-42038240,Monica .H,"Titan Eye+,Ground floor, Survey no 313, D.No.30, Muthurangamuthali street,Tambaram, Chennai - 600045", 600045,Mohamed Faizen A,9842401234 / 9487401234,ABM Associatess,mdfaizeen@gmail.com,1200,,0.6,New,Sount 2,600045
94,TPWU,Fr,6955,N1,N,Regular,Blue,G Floor,South 1,Chennai,Metro  ,Tamil Nadu,Sebastian,Arun,9940362716,arunkumarr@titan.co.in,Chennai,Purasawalkam,1/16/2011,,tpwu@titan.co.in,044-43307059,Sunil B,"Titan Eye Plus,No. 94-113, Purasawalkam High Road, Purasawalkam Division, Chennai - 600010", 600010,Habib,,,habisampurna@yahoo.co.in,439,310,0.55,New,Sount 2,600010
57,TCRI,Co,8961,N1,N,WOT,Blue,G Floor,South 1,Chennai,Metro  ,Tamil Nadu,Sebastian,Arun,9940362716,arunkumarr@titan.co.in,Chennai,R K Salai,10/28/2009,Aug'15 / Jun'18,tcri@titan.co.in,044-42009939 / 45524465,Ranjith Kumar,"Titan eye+,New No,2,9th lane,Dr.Radhakrishanan salai, Opp Chennai city centre, mylapure, Chennai-600004",-600004,Company store ,Company store ,Titan Eye Plus,Company Store,834,,1.25,New,Sount 2,600004
56,TCAS,Fr,6933,M1,N,Regular,Blue,G Floor,South 1,Chennai,Metro  ,Tamil Nadu,Sebastian,Arun,9940362716,arunkumarr@titan.co.in,Chennai,Ashok Nagar,10/7/2009,,tcas@titan.co.in,044-43054564,Ramakrishnan,"Titan Eye+.shop no,2 new no 54,1st avanue,next prabha tvs show room,ashok nagar,chennai-600083",-600083,Chitra Sivakumar,,Time Links,chitrasivakumar248@gmail.com,1053,,0.4,New,Sount 2,600083
548,THKY,Fr,7922,N,N,Regular,,,South 2,Hyderabad,Non-Metro,Telangana,Mayank,Srikanth,9573233769,srikanthv@titan.co.in,Hyderabad,JNTU Kukatpally,7/5/2019,,thky@titan.co.in,9985554070,Tahir Hussain,"HIG#458,Ground Floor,Ganesh Plaza,JNTU Road,KPHB,Hyderabad, Telangana-500072",-500072,Haritha E,8008288674,SV Enterprises,etlamreddy1@gmail.com,737,461,,New,Sount 2,500072
546,TSCM,Fr,7916,N,N,Regular,,,South 2,Hyderabad,Non-Metro,Telangana,Mayank,Srikanth,9573233769,srikanthv@titan.co.in,Hyderabad,Sharad City Mall ,6/15/2019,,tscm@titan.co.in,7993904035,M shiv Shankar,"GF-106, Sharath City Capital Mall, Kondapur,Hyderabad-5000084",5000084,Krishna Rao Tummala,9966695555,Haneesh marketing,Haneesh marketing,614,427,,New,Sount 2,500084
542,THCM,Fr,7920,N,N,Regular,,,South 2,Hyderabad,Non-Metro,Telangana,Mayank,Venkatesh,9885832392,venkateshk@titan.co.in,Hyderabad,Champapet,5/31/2019,,thcm@titan.co.in,7995203785,S M Zaheer,"Door No-9-5-55/3/1,Champapet main road, Hyderabad, Telangana-500079",-500079,VIJAY SHANKER PATEL,9866055555,VINAYAK & CO,accounts@vijaytravels.com / vijay@vijaytravels.com,616,454,,New,Sount 2,500079
503,THNG,Fr,8992,N,N,Regular,Blue,,South 2,Hyderabad,Non-Metro,Telangana,Mayank,Venkatesh,9885832392,venkateshk@titan.co.in,Hyderabad,Nagole Road,12/31/2018,,thng@titan.co.in,040-48553553,,"Titan Eye Plus,Sri Paada, No.3-1-25/A, Plot No.15,19,20, Opp.Kaminani Hospital, Nagole Road, RTC Colony, Hyderabad - 500015", 500015,D V Udeshi,9849193009,I choice Superstores (p) Ltd,info@ichoice.in,532,328,,New,Sount 2,500015
486,THKM,Fr,8971,N,N,WOT,Blue,,South 2,Hyderabad,Metro,Telangana,Mayank,Venkatesh,9885832392,venkateshk@titan.co.in,Hyderabad,NCL Enclave,9/26/2018,,thkm@titan.co.in,9901077777,Anjaneyulu,"Titan Eye Plus,NCL Enclave, Plot No.5, Beside Balaji Hospital, Pet basheerabad, Kompally, Hyderabad - 500001", 500001,Vijay Shanker Patel,9866055555,VINAYAK & CO,vijay@vijaytravels.com,436,681,,New,Sount 2,500055
6,TSBD,Fr,6916,BS,Hstreet,Regular,Orange,G Floor,South 2,Hyderabad,Metro  ,Telangana,Mayank,Noorudin,8897866481,nooruddin@titan.co.in,Hyderabad,Secunderabad,12/12/2007,,tsbd@titan.co.in,040-66202435,Manne Shiv Shankar,"Titan Eye+, #01/07/ 179, M.G.Road, Hotel Asrani International, Secundrabad- 500003, PH;040- 66202435",6202435,Narayanandas,,Vision Links,narayanvelamati@gmail.com,1282,,2.15,New,Sount 2,500003
7,THBH,Co,6904,BS,Hstreet,Regular,Orange,G Floor,South 2,Hyderabad,Metro  ,Telangana,Mayank,Srikanth,9573233769,srikanthv@titan.co.in,Hyderabad,Banjara Hills,12/12/2007,,thbh@titan.co.in,040-66660494,Kishta Reddy,"Titan Eye+, # 6-3-249/6/1/8, Aztec Tower's, Opp - city Center Mall Road No- 1,  Banjarahill's, Hyderabad - 500 082",500 082,Company store ,Company store ,Titan Eye Plus,Company Store,1525,740,1.9,New,Sount 2,500082
8,THPG,Co,8850,N,Hstreet,Regular,Blue,G Floor,South 2,Hyderabad,Metro  ,Telangana,Mayank,Srikanth,9573233769,srikanthv@titan.co.in,Hyderabad,Punjagutta,1/27/2008,,thpg@titan.co.in,040-66777557,Suresh,"Titan Eye +, # 28 & 29, GF, Amrutha Mall, Somajiguda circle,panjagutta, Hyderabad -500 082, PH;040- 66777556/7",77556/7,Company store ,Company store ,Titan Eye Plus,Company Store,836,,1.37,New,Sount 2,500082
466,THSN,Fr,8963,N,N,Regular,Blue,,South 2,Hyderabad,Metro,Telangana,Mayank,Srikanth,9573233769,srikanthv@titan.co.in,Hyderabad,S R Nagar,4/28/2018,,thsn@titan.co.in,040-66669555,,"Titan Eye Plus,No:7-1-621/A,GF,shop no-3,Ameer estates,Beside S R nagar busstop,Ameerpet-500036",-500036,T.Naga priya,9966695555,Haneesh Marketing,haneesheyeplus@gmail.com,1125,870,,New,Sount 2,500036
460,THTC,Fr,6957,N,N,WOT,Blue,,South 2,Hyderabad,Non-Metro,Telangana,Mayank,Srikanth,9573233769,srikanthv@titan.co.in,Hyderabad,Towlichowk,2/28/2018,,thtc@titan.co.in,8886668360,,"Titan Eye Plus ,No.9-4-86/226, Nahid plaza, GF, Salarjung colony, Tolichoki road, Hyderabad - 500008", 500008,B.Rupesh Kumar,9959616222,Krishna Square,krishnasquare2016@gmail.com,399,,,New,Sount 2,500028
371,THVS,Fr,8848,N,N,WOT,Blue,,South 2,Hyderabad,Metro,Telangana,Mayank,Venkatesh,9885832392,venkateshk@titan.co.in,Hyderabad,Vanasthalipuram,12/30/2016,,thvs@titan.co.in,8019755550,,"Titan Eye Plus,Plot No:33,Prashanth Nagar,Vanasthalipuram Hyderabad-500070",-500070,Rupesh Kumar,9959616222,The Times store,krishnasquare2016@gmail.com,566,925,,New,Sount 2,500070
363,THKD,Fr,8847,N,N,WOT,Blue,,South 2,Hyderabad,Metro,Telangana,Mayank,Srikanth,9573233769,srikanthv@titan.co.in,Hyderabad,Kondapur,12/17/2016,,thkd@titan.co.in,7330029999,,"Titan Eye +,No.1-60/36, Anjaianagar, Gachibowli, kondapur - 500084", 500084,T.Naga priya,9966695555 / 9908959999,Haneesh Marketing,haneesheyeplus@gmail.com,436,671,,New,Sount 2,500084
343,THDD,Fr,8840,N,N,Regular,Blue,,South 2,Hyderabad,Metro,Telangana,Mayank,Venkatesh,9885832392,venkateshk@titan.co.in,Hyderabad,Habsiguda,8/6/2016,,thdd@titan.co.in,040-42305969,Shaik Mohammad Pervez,"Titan Eyeplus,H.No: 1-1-11, Plot No-7,Hubsiguda,Hyderabad-500007",-500007,D V Udeshi,9849193009,I choice Superstores (p) Ltd,info@ichoice.in,910,576,0.7,New,Sount 2,500007
327,THKK,Fr,8833,N,N,Regular,Blue,,South 2,Hyderabad,Metro,Telangana,Mayank,Noorudin,8897866481,nooruddin@titan.co.in,Hyderabad,Karkhana,5/28/2016,,thkk@titan.co.in,040-40160871,Vinod,"Titan Eye+,Plot no -28 ,Main road new vasavi nagar karkhana secunderabad 500026", 500026,Rajesh Chugani,9849035354,Creations Premium Products ,rajeshc@creationsgroup.co.in,790,816,,New,Sount 2,500026
298,THCN,Fr,8819,N,N,Regular,Orange,,South 2,Hyderabad,Metro  ,Telangana,Mayank,Srikanth,9573233769,srikanthv@titan.co.in,Hyderabad,Chandanagar,11/30/2015,,thcn@titan.co.in,040-40164969,A B Raj,"Titan Eye+,9 & 10, Tulasiram Chambers, Chandanagar,Madinaguda, Hyderabad - 500050", 500050,D V Udeshi,9849193009,I choice Superstores (p) Ltd,info@ichoice.in,687,737,0.75,New,Sount 2,500050
191,THJI,Co,6939,M2,N,Regular,Orange,G Floor,South 2,Hyderabad,Metro  ,Telangana,Mayank,Venkatesh,9885832392,venkateshk@titan.co.in,Hyderabad,Jubliee Hills,12/28/2013,,thji@titan.co.in,040-23552101 / 9908508228,Majid Yazdani,"Titan Eye+,No.8-293/82/A/481, Plot # 481, Road No.36, Jubilee Hills, Hyderabad - 500033", 500033,Company store ,Company store ,Titan Eye Plus,Company Store,1037,800,2.3,New,Sount 2,500033
83,THKT,Fr,8968,M3,N,Regular,Orange,G Floor,South 2,Hyderabad,Metro  ,Telangana,Mayank,Srikanth,9440156400,srikanthv@titan.co.in,Hyderabad,Kutkatpalli,10/31/2010,,thkp@titan.co.in,040-40079819,Sanjay.P,"Titan Eye+,MIG 210, Road no:1, kukatpally housing board, Hyderabad - 500 072",500 072,Amith Reddy Nalla & Rashmi Reddy Nalla.  ,9908185460,Raam Retail Stores Pvt Ltd,rashmi.nalla@gmail.com,718,,0.95,Old,Sount 2,500072
76,THHN,Fr,6914,N2,N,Regular,Orange,G Floor,South 2,Hyderabad,Metro  ,Telangana,Mayank,Venkatesh,9885832392,venkateshk@titan.co.in,Hyderabad,HimayathNagar,8/13/2010,,thhn@titan.co.in,040- 27672249,M Saikiran,"Titan Eye+,No.3-6-612,613/A, Next to Hyderabad House, Himayat Nagar, Hyderabad – 29",ad – 29,Bhaskar Moorthy,,Madhuri Times,mbhaskaramurthy@yahoo.com,438,,0.45,Old,Sount 2,500029
66,THMR,Fr,8969,N1,N,Regular,Blue,G Floor,South 2,Hyderabad,Metro  ,Telangana,Mayank,Srikanth,9573233769,srikanthv@titan.co.in,Hyderabad,Madhapur,5/17/2010,5/19/2018,thmr@titan.co.in,040 - 40248764,Sridhar ,"Titan Eye+,No,198/3/31,Plot no 31, Sri Arcade Opp. Image Hospital, Madhapur,Hyderabad-500081",-500081,V.NARAYANDAS,,VELMA ENTERPRISES,narayanvelamati@gmail.com,874,,0.5,New,Sount 2,500081
51,THAN,Fr,8859,N,N,Regular,Blue,G Floor,South 2,Hyderabad,Metro  ,Telangana,Mayank,Noorudin,8897866481,nooruddin@titan.co.in,Hyderabad,AS Rao Nagar,4/26/2009,,than@titan.co.in,040-40141373,Suresh,"Titan Eye+, WOT, MBR plaza, LIG-B-15, No.1-12-119/15, Dr.AS rao Nagar, Hyderabad - 500062", 500062,Raman Akella,,Nisshved Enterprises,ramanakella2005@yahoo.co.in,731,,1.23,New,Sount 2,500062
27,THDN,Fr,6909,C,N,Regular,Orange,G Floor,South 2,Bangalore,Metro  ,Telangana,Mayank,Venkatesh,9885832392,venkateshk@titan.co.in,Hyderabad,Dilshuk Nagar,9/30/2008,,thdn@titan.co.in,040-66413490 / 87 ,Imran Khan,"Titan Eye +, 16- 11- 762/ 4, Beside; Andal Nilam, Moosarambagh, Dilshuk nagar Main Road, Hyderabad - 500036", 500036,Prakash / Suesh,,Lens world,suresh.k.upadhyaya@gmail.com,820,,1.15,Old,Sount 2,500036